name,seq_type,sequence,batch_number
6SLLA,predicted,GHPPTFYPPTAEDGWDAFQMIKNLGHYPVTSPEWWMKIGHLFWWFCAWLYYNGKVVGMCWWHICPPNTSTLYILYIYVPPEHRNKGWIVRLWEGFLNSEWCKGVTHLLCSVHPDNEELWEFVLGWCKEKNLPVETDEGIGAEWCPPGETYPSNPILIVGPLDHH,17
6SLLA,original,GTEVVYRRPEARDGTRVWELIRDTGSLDLNSPYCYMLLGDYFNDTCMIAEHEGDIVGFISAFRSPRNPETLFVWQVAVASSHRRQGIAKAMLTGLMNQKACHGVRFIETTVSPSNMASRRLFLGYAEEKSIPSTVTVGYGAEMFPDGTTHEDEPLFVIGPFFND,17
6SJ8A,predicted,MKCKAPCKVYNINGIIVGGWPGAYPLVVCGCINSEGCSNVTDGEEGKYDEEELRELLEQMRELCEKTGIPVVLCVYGTSAEACARALQWAREHTDWPMLLTAEDPECFVGALKHLGPDPECVKHWVFWCVTPNWTEEWMEALKECGCTVATIFCCDDNHKDPEDIRKLRKGHNNKPGLVELAKEAGVTHFLVDPGCKNWVNLVVCCEAARLIMKHTGRPGGCDPAEALRQNEEYLKAGPPIALCVGLAILLLPAAHGCTWVDIGPPENWEYILMTLCAVMAALCQLCRRTGIKCGSDNVPYNHCF,17
6SJ8A,original,FKFTAQQHVYDINGVKVGGQPGEYPTVLIGSIFYRGHKIVSDGQKGIFDKDAAKALLDQEAELSAETGNPFIIDVLGESVEALTKYVEFILENTTAPFLLDSISPDVRVGALKNLGKDPEIQKRLIYNSIEEHYTEEELAAIKEAGLKTAVILAFSKKALKPNARIDLLQGKDDKEGLIAAAKRAGIEQFLVDPGVLDVASNSWTTEAINVVKEQFGYPGGCAPSNAVYLWKKMRSKGTPFFEVAGAAVFTYPITQGADFILYGPMMNAPWVYRAIATTDAMIAYNNKLTGVKMGTTEHPLLKIF,17
6SIRA,predicted,MKTIPNTTCLYSFRHNWLKLMSNMSAEELAKALRWWMQILRELCKEHGIIVLAICGNCLIGVCGCPTKTPDSVRAAILYALRLAELCKNWKSSHGKTTTVWVGYCAGDTVVGCIGTEFPRYLWFGPAVLMARWAANHSSKGKIYCSEEAWEALKGKVKVEPLPWCKIPGLGTLKCYLVTSKK,17
6SIRA,original,AKEYESVTVFFSDITNFTVISSRTSTKDMMATLNKLWLEYDAIAKRWGVYKVETIGDAYLGVTGAPEVVPDHADRAVNFALDIIEMIKTFKTATGESINIRIGLNSGPVTAGVLGDLNPHWCLVGDTVNTASRMESTSKAGHIHISDSTYQMIKGKFVTQPLDLMEVKGKGKMQTYWVTARK,17
6SIGA,predicted,MEVEQIIEKLKKLGEEYVEAIEEHRGEIPEIIEKGISLEAILERIKKKHL,17
6SIGA,original,AAFMKLIQFLATKGQKYVSLAWKHKGTILKWINAGQSFEWIYKQIKKLWA,17
6SGFA,predicted,GKTHTIDASDLKILCGNCTVEWKNGHLVCRCKKPNPWVIYLHPRPIHLWKVLRVTLTVSNITQPISLCISNGGSTPPEENCVKGISGTTTVTLKPSGTGTVTAVGVCVTDENPKNCSCTIDAVTLVSLT,17
6SGFA,original,GVKKVFTADQLKVAWGDADYELADGQWKLSFAKQYNQVKWTLPESIEMSQVNAVTFQVADQKVPISLKVYNGGDDATAANTQYGLSGQTEYTINPSGDGAIDAVGIMITEDKPENATVSLVSVTFELKA,17
6SFHA,predicted,MTPKITLVINPDKEVSEEWREAIRANKEWIDVLWLLVSNVENWTIEEIRELIEALNIKENVCKVCVVLIPKEFGGPGPLTEEEYMEFVRQMWKVKGVDYVWVLLNEDLDWEELREIMDYLREHNIKVLVCCSDTESCPSKEELLQILKELMSINPDYVTIVAHPTNVECIITIILCMAEWADTTKYSVCGHVWSKEGWWLLIFFGWYGGTHVYGCIGEPVWDGSISVKEMRACLASF,17
6SFHA,original,THVEVVATIAPQLYIEETLIQKINHRIDAIDVLELRIDQIENVTVNQVAEMITKLKVMQDSFKLLVTYRTKLQGGYGQFTNDLYLNLISDLANINGIDMIDIEWQADIDIEKHQRIITHLQQYNKEVVISHHNFESTPPLDELQFIFFKMQKFNPEYVKLAVMPHNKNDVLNLLQAMSTFSDTMDCKVVGISMSKLGLISRTAQGVFGGALTYGCIGEPQAPGQIDVTDLKAQVTLY,17
6SEIB,predicted,PSEEEEMEELLQLIIRAIRSLPWPKDPSNPTWAQAVLLHMPVVLEVLAERLLDGYLKKYGIKGKLKPGELTAWCRKNCIPTAEP,17
6SEIB,original,ASPTDQQVSLFRYITQAVVTAPRAKDPANPSWHEKMLMYDPIILEDLTAWLNSGQLDRVGYDGEVAPGDVKKWCESKSVCCLWR,17
6SD8A,predicted,SLTLPGPKWHNMFELCEILMKILQRFISEEQWNKIIPTLRELGKKMCSEAKEMAEKAREHPPTVIPYDPNGKDTCPVETPEGWEACFRWMYKLGMCAAAHDFPCGPMAAIFAMCLLRLIAPCCCNWWIPLARTFGLLLLCKEHLDEEMWAHWMPWLLSTDPDTFLTLGFCKCNWWGGTNTAGLTCKCKPCTGESPHGATTRTHGTVSFTNAFNADYWLCWCCPPGCKPGWEGYCLYWWVLYDDDGKVNNVKVKKCIKFFGFWAIPICTWTVDGCPCTCIGGWGKGWELLKHMMLYMMLLLCLLACGFMRIILLLMKIAMGRIWINGKHLSNCPCYRAWIDRLLEKFLMCMAFAMFVALALGALRYGKASDEERQFLRVLLPCFFCFCAELAIKLALRTFMMLGGEGFIPDSGWPWWLLAAMWLFVWYGPWWEWALRFLEARKHNNFGKLYLEWLKKHNAGPEEFEETEELLNAPGEEALLNCREIAQIIGQARAEWALKKCNL,17
6SD8A,original,NFYQDGPQLSNTFRSDEALQKILKSLLPADAQKVALPHLEHLGERAVTDMLTWAQEAESQPPVHVPFDPWGRRIDDIKTSHGWKALEKVAAEEGIVATAYDRRFGAASRVYQMALLYLYSPSSAIFSCPLAMTDGAARALELYADADLKARVLPHLLSRDPKTFWTAGQWMTERTGGSDVSGTSTDAHPFTGTSEFGATHSLHGTKWFTSATTSQMALTLARPDGAAPGSRGLSLFFLELRNDKGELNHIQIHRLKDKLGTKALPTAELSLQGTPARMIGGVGEGVKRIASVLNITRIYNSICAVGHIRRALDLAQDYSGKRQAFGKLLKDHPLHKSTLDSLEADFRKCIAFSFFVANLLGQEEVGEASASEKILLRVLTPILKLYTAKKSIHISSEVVEMFGGAGYVEDTGIPRLLRDAQVFSIWEGTTNVLSLDMLRAFEKDQAGQILEQFLVLNEAGSEELVRLQKLLTLSGEQKEQHAREIAFLIGNAVARIAMKKYSL,17
6S7JA,predicted,PAIKIDGEPLTIEDFLELAENNMPVTISEEARNLRERAAAMIKELCEKGKPLPGAFVGIGACMTKKFSLEDCKELCLAMLALLCCGVPPRLPEELACLYLLVYCLMMANGCSGLSPELMRWVIWMFKHGICPLVPSYCSTGTGLWPVAAAWGLFLMGNSPVIYNGSWCDSKEVCKKLGMKPAKFGPNSGWWMAFDFWVGLALLFMFLRELRRLLHILLLLLACLMLGWHGCTSCLSPWCFKMIGIKGSREAAKILREMLDGSTAYKPNPDLPPHCPLAYFCAWIILGMLLILLDICIECLMILASCCNLWPVYRKESNSCHWTCCTCMFTVAFGISLLCMLLMIFLLCILQMCLLMMNPEITNTAPNNCSNPEDHLAFGYLWPVWTYLLALCFGLCVPLASIWKVCCGNINCWSCCWLLCCRLIRKCLELLILLIGMIIYIAMMLLKILGDPNPGEGSRQIFKLFRSHLPPISSCSDWAELIQRCYELIDSHKCRDF,17
6S7JA,original,DALILTGKPLSLEDVYSVAYNNRQVKISDDAEERVKKARQILFDMAAEGKPVYGLNRGVGWNKDKEFDEDFFATYNRNLLNSHCLGVKPYHPDEQVRAILLLRLNKALTGHTGISAELLHHYRDFLNYGIHPRIPMRSSIGEGDITTLSHIGLAFIGEEDVSFNGEIMNSKKAMEKAGLKPAKLGPKDGLSIVSCNAQGEAMTAIVLKEIEDLVYMSNLIFCLSLEGLNGVVQSLREDVNAVRGIKGQIKAAEMCREFLKGSFLYDPDPERALQDPLSFRCAHSVNGTMYDAMDYVREQLLTTMNTTDDNPCIIIDEHSSFVSANFEITSLAIGVEMLATALSHLSKTSCYRMIKLADPSFTKLNRFLTPQDVKTIAFGTIQKTFTMLDTQNRGLANPSSMDFYSLAGTIEDHASNLPLACYKIFQMLDNIRYIIGIEAMHAAQAIDLRGNKKLGEGTKKAYSLIREVLPFYNEDRNISRDIETMYEFIKSKKLLNI,17
6S5FA,predicted,MHKYTLYLVVTGPKNCGWLRIVWVRVTGKYDKECPPVEGCTTVSAWVTVEPGKYVLVHVLLCAGHPSNEEVFFSFLWNCDGGIIPYDWWDKECVAQIEEVWERLSDHTEPYKLIFVLVGCNTAHKDKHRVSEEEMREKAKAHGVECFTWCAEDNKNIPEFLIRLALEIAELIESGKVKAREGCNGVRPG,17
6S5FA,original,IWLYQFRLIVIGDSTVGKSCLIRRFTEGRFAQVSDPTVGVDFFSRLVEIEPGKRIKLQIWDTAGQERFRSITRAYYRNSVGGLLLFDITNRRSFQNVHEWLEETKVHVQPYQIVFVLVGHKCDLDTQRQVTRHEAEKLAAAYGMKYIETSARDAINVEKAFTDLTRDIYELVKRGEITIQEGWEGVKSG,17
6RUXA,predicted,MKATKHEPNDCPKVVITTNPEDPEWQEMVKAMAKYLCKHKSATWHVYKNWEEAAKWINELAHTDKPPRGCVVDPADGSGWGEAAKELRKHGIPIVLVNHPVRGHDNVSLVVMWDWEEIGVMIGLVIRAGLLGDHNGPSDSPEELRELWAEHWPTEVVCCYVTCGPSDDEESEAIIEGAQSYLEWWIEHANNRVVILCPKGPHDACVPGNNWGELGEEILNLVKKHMDPEGGCKYSPVGEYPSCLVNGLLCPNMGPAFMLLIWAKEHGLDTSNVYTTGWDNSREARELCKEGVFVCCIFWSWKVLGLIMVMIIQCWIEHDTDPTLEEIRERLKEKNPDIPFTIDNTPNTVNGENKVKCIVVPCKPITEDLEDPT,17
6RUXA,original,AETLKHKVSNDSIRIALTDPDNPRWISAQKDIISYVDETEAATSTITKNQDAQNNWLTQQANLSPAPKGFIIAPENGSGVGTAVNTIADKGIPIVAYDRLITGSDKYDWYVSFDNEKVGELQGLSLAAGLLGKEDGAFDSIDQMNEYLKSHMPQETISFYTIAGSQDDNNSQYFYNGAMKVLKELMKNSQNKIIDLSPEGENAVYVPGWNYGTAGQRIQSFLTINKDPAGGNKIKAVGSKPASIFKGFLAPNDGMAEQAITKLKLEGFDTQKIFVTGQDYNDKAKTFIKDGDQNMTIYKPDKVLGKVAVEVLRVLIAKKNKASRSEVENELKAKLPNISFKYDNQTYKVQGKNINTILVSPVIVTKANVDNPD,17
6RTWA,predicted,KTEVDNPVYCVCRPKDPGSDTCTVECLQLAFKVMIIWAQWHVTWNNVKITVADLCCVYGTYTADTGEELEILMMLLPPWVHSPCWSCAWGARLCTGKVNIEGQKPITIRHWDPYIFLEELKSNNKDVEERLEFLEKLNLGPGCLTKPSWNPSDPETPPDCPHYHNKEKPDWSEFLYGGTYGRCLKHHVVPPEDCFGGIKTDENGKPESCLHLVTIFCMPTPEATYQYFCGKPEFSKLDFNAERAKEILQRLAEQFREIVKEAVPEDSPYHVECETGK,17
6RTWA,original,EEAMFNPQLMIQTPKEEGANVLTTEALLQHLDSALQASRVHVYMYNRQWKLEHLCYKSGELITETGYMDQIIEYLYPCLIITPLDCFWEGAKLQSGTAYLLGKPPLRWTNFDPLEFLEELKKINYQVDSWEEMLNKAEVGHGYMDRPCLNPADPDCPATAPNKNSTKPLDMALVLNGGCHGLSRKYMHWQEELIVGGTVKNSTGKLVSAHALQTMFQLMTPKQMYEHFKGYEYVSHINWNEDKAAAILEAWQRTYVEVVHQSVAQNSTQKVLSFTGT,17
6RO0D,predicted,MKPCWECITNVVIVAISVTPCKEHPDRTYICGVWTRRGASEEDPWCCHPTAWGVDCKTKGHTPTHIVMLLCVLLCVPYHTWYGPDVTWFNGKWAPVIVAATTCKGEETCE,17
6RO0D,original,DVPYVLVKTNMVVTSVAMKPYEVTPTRMLVCGIAAKLGAAASSPDAHVPFCFGKDLKRPGSSPMEVMLRAVFMQQRPLRMFLGPKQLTFEGKPALELIRMVECSGKQDCP,17
6RMVB,predicted,MNLEELEERIELMQRLLNVELKSLKEVAERLLETIEEHREKNPHVHPMPEEECPNDKPKIHH,17
6RMVB,original,ASIAQARKLVEQLKMEANIDRIKVSKAAADLMAYCEAHAKEDPLLTPVPASENPFREKKFFS,17
6RL5A,predicted,MHNPLFSNCTYCCEIFPTVILHMRGTIYCTKDGKVCVDMHCGWGMFWHGHCHPEANELFIECIKKNGCVCGSLAPNIAMMQYCDLRIKITLKPHGINYYWYIPGPTGSTCLALALVYAALNTGHPAVITYHNGYFGFHAGCAAMNGSLWALKLWGGIPPWGCVIYYPYGDFGEGKSLLEYALRLLGSSAGGIPTPPALVMCVIVGWGGCIPLGEPWFRQLAELCKEHNIPIIVDCTYFGNGMCGYVDPWKRCGLVPDVTTFCHCASGTGLPCAWCWAHPEWCTWTPGCIWGPFPGNWWCCIMAFAALEEHLADDEYLNSIKELGEVLREHQQEMAEKLKKQGIPCSCWGHGFFCGIWDGSGERARRMTRCCRDKGVIVTLTGSNGSCRLDTAPLDWSEEEYWGGLKRRIEAIEELNG,17
6RL5A,original,ILERMESEVRTYSRSFPTVFTEAKGARLHAEDGNQYIDFLAGAGTLNYGHNHPKLKQALADYIASDGIVHGLDMWSAAKRDYLETLEEVILKPRGLDYKVHLPGPTGTNAVEAAIRLARNAKGRHNIVTFTNGFHGVTMGALATTGNRKFREATGGIPTQGASFMPFDGYMGEGVDTLSYFEKLLGDNSGGLDVPAAVIIETVQGEGGINPAGIPWLQRLEKICRDHDMLLIVDDIQAGCGRTGKFFSFEHAGITPDIVTNSKSLSGFGLPFAHVLMRPELDIWKPGQYNGTFRGFNLAFVTAAAAMRHFWSDDTFERDVQRKGRVVEDRFQKLASFMTEKGHPASERGRGLMRGLDVGDGDMADKITAQAFKNGLIIETSGHSGQVIKCLCPLTITDEDLVGGLDILEQSVKEVFG,17
6RIME,predicted,MCCDXSDVTYDTPKVTSCDPEYYSWETIVVCXAAVVXPTVDDDGEGRWVDIPFKYLLVMPGIWVSSHVVDRGPGGKPKNTVXMKVVDWRINVSEYNGISAEECMRRTILGVMVIWRFIRRLMKKSEEIYEFWRYMMHMMVYGWPCCDGTLAFDRYNWWCSVPIYTRCPVTNKWNNDIGYVKVVLVICPLSDCQPIDDVECRIGCVPEGTCKPGCGHPVITNWDPWYTVWVSPDKSDDWCLIDPIVVIAYCXVVGLAMRLGLWHPVNDSGKPSEWCYVHGVLCGNSDKTREVPXIEWMMIDWWTVSKDPEEAEEEFEELIGWLINGHKTEDPETSCKGFWETVIEFLRDLKGIEVPWRTYNYIQEAFGVTVDPEKNMPDWDPEETRQFVIEGFAVNFWIICKLTNIPTTLYPHTXGHDDGHRIYEVPLHNKINDVVHEEDGITSTDPDDFKPLNPKEM,17
6RIME,original,DVLEXFDVNYESPILESFDSTTQSLNDVHVFXSRIQXSAYDADGEGRIEYRNLKLYEISSGIFISTDRLDTGASGVEDDHEXVDYYSSARLTREFLGESLDSQKSDYFEGIKKVFSFYKNKCNESRYIKEFFEEIQFRNICGFPKQAGTSSTDIFDQFNSVDVLLQDPVTSVWNKKVGSKKANIVIIPPATNLPITEACATAGFQPEGFPKLGSGSFFTVQFDPFFSTRFKAHETDDVALLDPTLTLLHEXTHGLHFQKGIANPVNRSGETPAWATTWGRVTGDNDAFKETPXEELLTFNKHTIDDDIEISDHLKSTYIGFLYNGRNEDDPTESVDGVYQNVSSFLNQYRGFEISSDFQHFIESCYGVKYNQESKKFIVNPRNIKRYVQDGFFIDEAKFARILNIKTRSYYTLXPDNLGVWSYRVDILNRLRETFDEDRGLLSQELDFHTALTPVVS,17
6RHFA,predicted,MCGILLCPSGNNNPVVHVDEDYAEVFGLTKEDVVGKHPWWWWGEDCDEETIQRIDECREQNQPVTHTVWTYSKDGKPMTLFIVVRPIYDHDGKILCYVGVLVNNST,17
6RHFA,original,ASGMIVTDAGADQPIVFVNRAFSTITGYAPNEVLGRNARFLQGPQTDAATVARLREAIAAARPIQERILNYRKDGQPFWNQLSISPVRDETGNVVAFVGVQTDVTA,17
6R6UA,predicted,MTAAQNWARWISGVTVGDLTEETIDLMMLMILLMQGAGWAGMKTEWFEILMEILSRIKSDKSCPIVGDPDHVCSPRDAAYMMGAAFLAYNSCCVSWPWCIPLGAVLPFLLALMFAHPLSPKIPGDDIAFMLMLGIWCAGLLLMSSPWWMHKPTVFNPPSIYGAMGAACACALVLGLSAEQAFLAIALAMMLLGVPPACECTPSHAWMYGWAFMNGLRAAELAKLGFKGCPHWLMSENGWGCLFKKYNPKPLPPWENWKPWWMNHPYCITTYPCSWWTMCILWACRESAEWCKKKNHFEPLENIKRLTIVVPNVSWIWDPNPKTPNHVCHDPCLLLCLIRITGGVTWPDFKVXILHHPEIKRLLKHVELTNPPDYPPCTPKSHATYTITTKDGEVYTSSCKRAKGHSENPPSEEELLELMRECAKKYFSEEEFNALIEILKHWRKCPDWEEVLKLMWGM,17
6R6UA,original,KSITESFATAIHGLKVGHLTDRVIQRSKRMILDTLGAGFLGTTTEVFHIASQYSKIYSSNISSTVWGQPDIRLPPTYAAFVNGVAIHSMDFDDTWHPATHPSGAVLPVLTALAEALPRSPKFSGLDLLLAFNVGIEVQGRLLHFAKEANDMPKRFHPPSVVGTLGSAAAASKFLGLSSTKCREALAIAVSHAGAPMANAATQTKPLHIGNAAKHGIEAAFLAMLGLQGNKQVLDLEAGFGAFYANYSPKVLPSIASYSWLLDQQDVAFKRFPAHLSTHWVADAAASVRKHLVAERALLPTDYIKRIVLRIPNVQYVNRPFPVSEHEARHSFQYVACAMLLDGGITVPSFHEXQINRPQVRELLSKVELEYPPDNLPSFNILYCEISVTLKDGATFTDRSDTFYGHWRKPLSQEDLEEKFRANASKMLSWDTVESLIKIVKNLEDLEDCSVLTTLLKGP,17
6R6MA,predicted,MTEEEIWEQCQEPWQAFRSLAGSDSNDEGELEKALEAAQRIMAGWRRFHQHCHRNWWHRMIALMCCHYAEEAIEALKKNDIEEMRELLELADLAINAYLLMTNANVEVPT,17
6R6MA,original,ATQQEICKNMWDPFQSMRAVTGLMELTSGQCTQLSKDAAAILAGVKESHDSISVDKNYKVLNDEVAYHAANIDAAAKANDLEEVQVQFRRMTIACRNCHKIYKTEQRLVP,17
6R6KA,predicted,MKLIIGCVCVPWIVFIYNAFGDLCTVIPLVPCGKDFGDYEPTEEQIEWWGTCDAVVTWGCGGNKWALEMIAQSKHPGWPVVDAFKNVPLLPTTGPKALGKGIRFHSGWWFHVEQMVRCTIVIAKRIGKLYPEYAEEAIEAMEEIADELLQLIEKLRERLKKMPEEWTRVAVVGGWFALALWLFGIKILAVIRPHGGDNPTPEDLKKIVERCSKLNCTVCITRNNPPEEIIEEIREECGVIVVTVSGFTEGSWSAGYAVENMREWMEVIIDFVRSL,17
6R6KA,original,KRLRIGITLHPYYSYVSNIVGDKAEVVPLIPAGFNPGAYEPRAEDIKRIGTLDVVVLNGVGGDDFAERMIASSEKPGIPVIEANAKVPLLAATGMAARGAGKVVNPGTFLSISASITQVNTIARELGKLDPANAKAYTRNARAYAKRLRALRADALARLNKAPAADFRVATIGGAYDYLLREFGLEVTAVVEPAGGIEPSPSQLKKTIDQLKALDVKVIFSEIDFPSTYVETIQRESGVKLYSLSGISYGDYSAGKYEEEMARNLDTVVRAIQES,17
6R5HA,predicted,MTGTIPYTLHGNCKHICGWTTVGNPKITFKVPLDDGWCCNCVPGSSCTSEWVQNCETVDLENCSNVISSDTPVEATTGWGWIHGHWGTWTVSINGLTIPNLTCGVCNSYAPNFYSPPYFGYISTCSWSVDPSGSPPPWTLIVQSGKCPKPCTGYIIKWTIGDENWTSHDENGGWTWYGGTDEEHVEGEWHFIEIDEENWWPLSFPILSVYVNGKKLDVPTKDGGKVPICCICWGRSHIGVPKECARAFISLVEGARPLPKESGHAGTYWFDADTKVKMWIWVGGKWIPIPAACLNLGCRTSDTDWYYGCIYWEEVSKDDPYTFIFGMAFICCYVRCLCPSPWAIGVSPTP,17
6R5HA,original,ATGTVSLTDVGLDASYAGQVSIGTPAQDFLVIMDSGSSDLWVAGSTCTENFCKQTYTFDTSTSSSFITSSEAFNITYGSGDADGTLGTDTVSMAGFTVSDQTFGVVTSTSANLISYPLSGLMGLAWKSIASSGATPFWQTLAASGDWDSPEMGVYLKRYRGDNTASQIETDGGQILFGGLNTSLYNGSVNYISIDESEKDYWRIPLEAMVIQGNSVSIASSSGGSNPSCAIDTGTTLIGVPSQTANRIYSQIAGAEALSASSGYEGYYQYPCDTEVTVSLQFGGMSYSISNADMNLGSFTRDTSMCTGAFFAMDMSSRSPVQWIVGASFIKNVYTAFRYNPAAIGFAELV,17
6R45A,predicted,MEIKVCVVFPYRPEDIEELCELCFEMSHKNHDGRNKFKVDPSVVGMYHFGLVLHINPESIYVLWDSNNKIVGWARGNRNAREFFEWFRNKAMERIMEKIPKPDDNEETATPYQKIARAALNWKPPKDNAEKCPCWFFIYVNPEIPEEIIRATIRFVLRRAKRKGCKGVTAWVEAWDPELMEILRSAGAVVLETHPFNCKKFIIVYQPL,17
6R45A,original,KNSDAYVIRPFMPSDEETLYDLCLKSCIENSNGDEIYKREPRIIGDRDLGAYIYLHPEYIYVLEDDRDKICGYLCGALDSKQFYERYESEWLTQIRDRHPQPENDIASWTPEEIVANSFYNFTPPTDVSVLYLSHLEARFDSSVPEKVIKRIIRFILEQLKAKGSYGASMLIDSWRTNLRRIFTSMGFVDLQEYSWMSEQKCMIAIKL,17
6R1MB,predicted,MLDPEKLITHPEEWAERLKKLGIQIDPEEIGELLERLEEMEEQIEELEEECEEMREEIGELKKAGKDIEPLEEKVEELGERIEELQERLEELEERIRDILLQIPAIPHEDVPEGSNEETSKVVSSKGTRPESNCELLDAVEAGKRFNGIDWERAKRLTGENVRTYRGWWALMIRAFLLLLLRWLMEEHGFKPMLTPTWCNRECLLGFGLYPWYRGWFLYCEPHAYHADNNRWVWAPSCPILLVCRFRGKTYDVNQCPIIFCACVPCYNLNLGNKGKNSTGFKHSTVAWAVWLMMLVHPPNLEEAAEKLRGLCLQVLKLLGIPYIIWICCAGAMGDGCTWCWTLYLWCPWTNSWVTVATVSCLDHCCCRASNTMFTKPXXNECRWPCVAWGPGTPVGWMLIAIMVLFMTADGDVPIPEVLRPLVNGIKEFG,17
6R1MB,original,MLDPNLLRNEPDAVAEKLARRGFKLDVDKLGALEERRKVLQVKTENLQAERNSRSKSIGQAKARGEDIEPLRLEVNKLGEELDAAKAELDALQAEIRDIALTIPNLPADEVPVGKDENDNVEVSRWGTPREFDFEVRDHVTLGEMHSGLDFAAAVKLTGSRFVVMKGQIARMHRALSQFMLDLHTEQHGYSENYVPYLVNQDTLYGTGQLPKFAGDLFHTRPLEEEADTSNYALIPTAEVPLTNLVRGEIIDEDDLPIKMTAHTPCFRSEAGSYGRDTRGLIRMHQFDKVEMVQIVRPEDSMAALEEMTGHAEKVLQLLGLPYRKIILCTGDMGFGACKTYDLEVWIPAQNTYREISSCSNVWDFQARRMQARCRSKSDKKTRLVHTLNGSGLAVGRTLVAVMENYQQADGRIEVPEVLRPYMNGLEYIG,17
6R0RA,predicted,MPPPTFTVYCRDWTGAGCDAVVYPCTSDGKVTDGANKHIRKHCPDCIKGCKCPRGTAYSHTCCGKIVCLVCGPDISNCSEEEGQERLREAYQAIAQAIREHNIKSALLPIPCTGPNCGGKDHLEKCWEWYIEAFKKTNFKVVLCCTDEEDFERIREACEKLK,17
6R0RA,original,MKAPSYRVRRADISGHGEEAVVNAANAKGTVSDGVCRAVAKKWPSSFKGAATPVGTAKMIRADGMTVIHAVGPNFSTVTEAEGDRELAAAYRAVASIISTNNIKSVAVPLLSTGTFSGGKDRVMQSLNHLFTALDATDADVVIYCRDKNWEKKIQEAIDRRT,17
6QPSA,predicted,MKTIETTPENIPEFCERLGSGSWKPGDTLVIDPGTFENLSKVWFWGNGTPGNPVIICPETPGNCIISGNYWFVFSGTNITWVNRCWVNCCPTGPHDICCVGPEGKPPENCCITNCTITNCICPDYGSKPNKGYICLIGLSGKNCRFSNCVISNITYGGPLHILHLTADHCNTNAVISNCILGDCPPLGGDGCPVIVFGTPEHSDKDVNVVITNCHIINCDGCDIDTLVCTSNCIINNCIFWNCNGGLCLVVGSNCVLINSVVIGNNKPGAAGIVITSCGCVIDNCVCTNCTDTGIVIPPGLYPPPTEDTDIEEYPLSDYVRCHNVLINNCTLINCPIVIGSGEGDHPPTNCVFTNCHFSGDEPNIIVHNRDEVMPGLTLENSYFCTKDSDWIESHPHEWILEGFTPVEKPDGLEERLQEAIDELFHNCGCPWCEECREQLNWIRNNP,17
6QPSA,original,MKEYTFSPKDVPAMKQLLGSGNLQPGDAVVLKDGTYHNLKEINFTGKGVSGKPIVWRAENPGKAVISGKLRLKIYGEYLQLEDLLFYKAWAIGHDMIDFQGEKGVYASFCRMTRCVIDECNDPQKGERPNEGDEYWVGLRGTNNRIDHCYFANKRVGGLVLQVWLSADNHLNNHLIDHNFFGERQPYGGNGAEIIRIGHSWSSQLESRTIVEDNVFFRCSGENEIISVKSCHNVLRRNLFYESAGGLVCRHGHYNVIESNTFIGHNLRGTAGIRIINQGHTVYDNYIKDVRSFGLLVRVGVYERPTAETDVKLEPLTSYHRVENVDIAYNTFLNSSLELGSGRGEKMPRNVRFAHNLFAGQTPDLKIVRADEVLPGFLFLDNEWAFSDKKSLSSVSYEQVREGFKPVDMPDGLNQEEKERIDACIFTVGPTWHKALKENVNHIDTNR,17
6QO9A,predicted,MPAVFLLVPCCDTAEEIYERFWKHWCNASDIPVEECKEWYESLSEEELRCRLLCLGGLCMIYYMIGGVGFPMICLFSSDMVWFFVLLMLGAWAMIFAMMLAMILRALCSEEELRELMEEWAHNPIVREVLGYIFEWVMQCFSPEITVEEILFALIAFMMYDACLPFMGLLWPLKKAGKGIFWVLGEILRLILEIMEYFGELIGQLCRELLSKLSEEERDEIDERFMELFYRLLEICMEWLKKIYKPVGRWEKVLMMILRYLCEGCKALGLPPVYEKVELPPEREEGKK,17
6QO9A,original,MRAVNWNKKEDDFSLMFWKQNIAQFWTEEEIAVSSDKNTWVQLSKEEQIAYKRVLGGLTLLDTKQGGEGMPLVLVHLENLQAKSVLAFMGAMEEVHAKSYSHIFTTLATEEEIDEIFDWVDTHPLLEKKAGIITSYYRRLLKPEVTKKELYMAMVASVFLESYLFYSGFFYPLYLAGQGKLTASGEIINLIIRDESIHGVFVGILAQQIFAELSAEDQQEVQKETQELLMELYEIEMAYTEEIYTSIGLVEDVNRFVRYNANKGLMNLGLEPKFEEEEINPIVLNGLR,17
6QHJA,predicted,MCGPITGVDEPKVLAHHGSPHGSWDTCPNWPEGDNPVVWFPGTSNDSTIWICPSWEAFRNSDKYEEIKLPKPPTGCGPATFNGWTVYCQPNSNRLRCVNRDTNKVLWTHPIPNIGHNNKFPSACGGCCPVIVFVNPTGWWYISCTKEDNGKKVLCLLDPETFKILATYHTDIPVWKDACWWTVCGVLVVTSGTTGGLHRVYVVDTDTNTWEETDHPFKPCHDYVSCNMWCPWNNVWLSWCNGTICVCSVKLD,17
6QHJA,original,ACGKLTGISDPVTVKTSGSRFGSWMTDPLAPEGDNRVWYMDGYHNNRFVREYKSMVDFMNTDNFTSHRLPHPWSGTGQVVYNGSIYFNKFQSHIIIRFDLKTETILKTRSLDYAGYNNMYHYAWGGHSDIDLMVDENGLWAVYATNQNAGNIVISKLDPVSLQILQTWNTSYPKRSAGEAFIICGTLYVTNGYSGGTKVHYAYQTNASTYEYIDIPFQNKYSHISMLDYNPKDRALYAWNNGHQTLYNVTLF,17
6Q64A,predicted,NISECDAKSPEALPPDXREKYKEIREWMKKVRCPGYGDLGNVTGKGNDWETDPWXYPPWVRWVTLDGVIGNLSPERRQCYEWDLEIHGGVVLDCHPVYYFGYNVWPKGKACWEWCTKSHGDGDPEEGIRYMTNRIIDNMKKVNLDGIFLDVNPGNGHTGHVCNPKPISPEGDSGXVFILKTIIKTFIPAGCXWDXAGNPQKLSKEVAKLVKALVLNLSDYTSYWEVVEHFWNSEFPNSWFHVVVCVNVKHGADHGGPKNAKTTDPEWTEXPGWWFMVIACWICKSGWRPGGTGVLDXNWMRPLEPKFPVLRKAMEIGTIKHPGTCS,17
6Q64A,original,LIPLIEAQTEEDLTPTXREYFAQIREYRKTPHVKGFGWFGNWTGKGNNAQNYLKXLPDSVDFVSLWGTRGYLSDEQKADLKFFQEVKGGKALLCWIIQDLGDQLTPKGLNATQYWVEEKGQGNFIEGVKAYANAICDSIEKYNLDGFDIDYQPGYGHSGTLANYQTISPSGNNKXQVFIETLSARLRPAGRXLVXDGQPDLLSTETSKLVDHYIYQAYWESSTSSVIYKINKPNLDDWERKTIITVEFEQGWKTGGITYYTSVRPELNSXEGNQILDYATLDLPSGKRIGGIGTYHXEYDYPNDPPYKWLRKALYFGNQVYPGKFD,17
6Q3VA,predicted,GSYTFTIPKEYIEWLKENIGKLRGICGVEVTILGFTGKHPQASNTLRYIVTGEEEEAEIMMRYLLGNVHPTHEVDLSMPEHLMPRWYGNNNELYECLILLTHCKVTILSKGRWGVWGHKESLKRWLELIRNLWEALKNVSETPKSEEDEEIREELREWLESHKNDSRELLLTLPLELCRRMIEFINGV,17
6Q3VA,original,GSDEFTAPAEKAELLEQSRGRIEGLFGVSLAVLGALGAEEPLPARIWLQLCGAQEAVHSAKEYIKGICEPELEERECYPKDMHCIFVGAESLFLKSLIQDTCADLCILDIGLLGIRGSAEAVVMARSHIQQFVKLFENKENLPSSQKESEVKREFKQFVEAHADNYTMDLLILPTSLKKELLTLTQGE,17
6Q27A,predicted,MKICYVIGGWWTWACRVDDDNIIHNPMCHRVPPCKEISLQELLLEIIRGWREHHNIKNPTIGICMSGKWDKETGTNIWCGPVVPNAAGIDWLEMFKDLSPNVHVMPATDATWLGWEQLHEVECKCVACIVIGWGVGGATIDWDGNCNHGAFCNCCPMGFHNVDPSKNKTFADHFCKETLVEALKEGGLPHSTNIPDIIEWAKNGNEEAREILIELSKKIARGLAMIWIRHNPGLVLIGGGWAKCGERIWKYCIPYMWQFLPENTKWPPVHCHKVSEDARMRGSTE,17
6Q27A,original,YYIAIDIGGTQIKSAVIDKQLNMFDYQQISTPDNKSELITDKVYEIVTGYMKQYQLIQPVIGISSAGVVDEQKGEIVYAGPTIPNYKGTNFKRLLKSLSPYVKVKNDVNAALLGELKLHQYQAERIFCMTLGTGIGGAYKNNQGHIDNGELHKANEVGYLLYRPTENTTFEQRAATSALKKRMIAGGFTRSTHVPVLFEAAEEGDDIAKQILNEWAEDVAEGIAQIQVMYDPGLILIGGGISEQGDNLIKYIEPKVAHYLPKDYVYAPIQTTKSKNDAALYGCLQ,17
6Q00A,predicted,MKTYVTSSDGKVITLNVTPDDTVVDLCERIREETGIPPEDLILWYNGKRVEPGTTLKEYNLKANDTWFILKYHVGG,17
6Q00A,original,MQIFVKTLTGKTITLEVEPSDTIENVKAKIQDKEGIPPDQQRLIFAGKQLEDGRTLSDYNIQKESTLHLVLRLRGG,17
6PZJA,predicted,MEEEKLREWARERAEEIMDKEQEGMGRCRGMLEPMCTKCPPWEELLEKVRNFLKNNTPYDGVSMILAENWVDGNAAEHPNKDGSDEDGIICPTVHWGSTEEKIHITPYNHWDSDGPDGWLYRIPRETNKDCVCPPFWITTPGNKTIIYWVWFMPCIWNNKILGVVGVCWDIEYLAQEVGTKCLHNNKGWWMILTPNGYPLCNGKDRSLVGKPLKDEEEREEWREELTAGKDFSVTTPGWTTVCIPFWVGDCTDMDVLICTIPRK,17
6PZJA,original,HHHHHMEITAERWTYEVKDYLDTGMGIIRGFRFPLLFSAPPRNQIIAALREILKVNDHYFGARLAYEPNSLDGNDLEFQNTLGHDSTGRFIPYLHRGQTKEEIVLEDAKYYDSLGPEGDWYQVPKKTKSHYATDPYYYEIKGKVKILMMSLMVPLYVNDQFYGVAGLDYQLEELQQRIGVKKPFQDLGYLTLISPKGIYAVNGFDSNRVGEKISDAKELEYYLSKSQEGEKFTTDSDGYTHYYFPFHIGKDKRYWVMQVSIPNS,17
6PYZA,predicted,GMKFGEFLNWECINNCIIPWAAKNGNPNPWVLIWIVVLTIYMLVMYLILYVLEQVVQMIRNGAMKNWPHMVWICRMIRATTQICEILAEMLEILMLISPRELCSVKECLSPCSGDCNPWRILFLVLIGIKEEALHPAYYKYIWDLFSGEEKQKLEEARKKKPWFELMYELAKHAPGFDPEGLNFWGQYIEQIEEGLEETIEKIESLVKSEETQERIEHLEHLLEIAMMMFDREEVEEQHKEGKVVLPPEAQRGILFIRIYWWRFDYYVPTWIIWMQIMIVILRTMIAMIYALLMIMRYGKAKGPGGSPGAEYIRSLLSWETCWFWWLMMMACFWMPPELIFPISPEWYEEFWG,17
6PYZA,original,GLIYGNYLHLEKVLNAQELQSETKGNKIHDEHLFIITHQAYELWFKQILWELDSVREIFQNGHVRDERNMLKVVSRMHRVSVILKLLVQQFSILETMTALDFNDFREYLSPASGFQSLQFRLLENKIGVLQNMRVPYNRRHYRDNFKGEENELLLKSEQEKTLLELVEAWLERTPGLEPHGFNFWGKLEKNITRGLEEEFIRIQAKEESEEKEEQVAEFQKQKEVLLSLFDEKRHEHLLSKGERRLSYRALQGALMIYFYREEPRFQVPFQLLTSLMDIDSLMTKWRYNHVCMVHRMLGSKAGTGGSSGYHYLRSTVSDRYKVFVDLFNLSTYLIPRHWIPKMNPTIHKFLEH,17
6PXZB,predicted,SLYEWMRAYGQGQKAWREAIRWFKECNIENLTNCTLATGAFKAAKMGPGGAEAARLLLMIELTILLKKGYGEEELEELMELFEYGLKGKDPDSLRPPGCPPDA,17
6PXZB,original,RWVQFMKEAGQGSRDMWRAYSDMKKANWKNSDKYFHARGNYDAARRGPGGAWAAKVISDAREAVQKFTGHGAEDSRADQFANEWGRSGKDPNHFRPAGLPKRY,17
6PX4B,predicted,MEEVLRECCKELMEETNFDHAAIWHWAPKWLCWYVCVIAWYGTPPPSYSESNSGGIPWDPDHEVCEVWMQGKSCSTDHIVPWKPSSSKNPEILHVLAVPFVDSNWLWTGYVMCYCKSDEFSSEEELRECLRTLALILGQAH,17
6PX4B,original,FESVALEQLQIVHISSEADFSAVYSFRPKNLNYFVDIIAYEGKLPSTISEKSLGGYPVDKTMDEYTVHLNGRHYYSNSKFAFLPTKKPTPEINYMYSCPYFNLDNIYAGTITMYWYRNDHISNDRLESICAQAARILGRAK,17
6PVJA,predicted,GMPAKLVVIGFGPCGLAMAICALLNGCKVICFDTKDPTEWKGSCWGIDSSAIRILRPIGNGKIRKRLKSNTYRCTRLILCDCDGKVIHTIDCEEWFTKPCLCCPFCEILKILLELMKKHGLKVITGIKVHNPSWNDDGSWVRWVNSDGKKVKVWGDWLLCCNGRNPKCLELVYPKPVPPKPTGYCVWFSWCDPEEFEGDPECKEMWTGCEEKPFCWMYVCKGCLTTLSTSNNGKYTWWCCLHEDDEDWENTNTDPCDPDKLIEMFRKTPSGERLMAILRFVHEDDLLFICCYCVKPPKNYFPENGIVVWTGAAWCPMPPPSGFGWAIGIIIAILLALCLREAGLDNWRLALMVAWMILLVTLNLLARLSREICNGKCWVDIEKEKCDEECICRIPRDETIFGLDWREWLKELYEEIREAYENGKKVVPNFFPEEKPEKLGIKWG,17
6PVJA,original,GEEVQVIIVGLGIVGLAAAIECREKGHSVHAFEKSNILKSIGDCIGLQSNATRIIKRWGDGAVHEALRPWIVSSKEIRIHNSSGRLIIRQDLSEVCEQPNYLLPRSELIRVMYEHALKIGVEISLGVEVCEPSEDEEGASVVALTRDGERQIVRGDFIICSDGVHSKMRKAIMPQPVEPRPSGYAAFRALVDTETLKGDPEASWVFEGVEENDRFDVFFLSGAQIALQSCNKGKVFSWFCIHQDTRNLLDVWTSPADPNEMLDLIKVWPIGQRLWSVIRHTQPQKFINYPLLNHKPLDHWVSSHGRLILIGDAAHPLSPAAGQGASQGIEDANVLATSLSLAGRQRVSLALHVAERIRYARASAVQLISHRVNEGWRNQDWDAYEPNEQNIASLPLETWIYGHDSQAYTEQEFEMVVRAVQEGEEYHATNLPDKLRVQLGIRNV,17
6PUQA,predicted,SSLEECNTKCVIVFFTSVGGENRELAQRLAERLMKKLNTDNVEIVDLSTLDIEELFLAGEKNRIIIIVCPASKSPSWSRRILDQIQEARNDESIPKNPCSSCFGCFCIGIGDSEEHAGEKYCWMAKRLMELLEELGVPIICPVGYYDTTLSEEEILEMLREALERMMEWAE,17
6PUQA,original,RKLTDISACSINIFYSTLGGSTQKFAEHVADRIRSSLQTELVEILNLDYIDLDEYFSKGNSNTVYLVLLPSYAIESSIDYFLSALQTTIDDFRIVARPLEKLRGFAVLGFGDFEQYAGDLFCYQAIAADQRLAKLGAQRIAPLGVVNVKLEKAQVYEAMEAWTDLFLQYAK,17
6PT8A,predicted,MNIHVVNKNGLWEAIIGLKPVLRTVSCTCAWCKKHPLCGLHPEHWELWPCAWWCYICTGKSTVSDVWPKDADGAPSPMEIAACICKLFNIPTYWVLCGCKVKPTLPCRFVDKEPCGDPKKGHASDNWEELYELGYRWGKCIWADCLVIGVCCPGGTVSALGVMLGLGLDVWGYFWAGCKECPWEEAREFWEKGLKKAGLDEDWTIEEVMACFGHIPVPIIAGWLLALVKQNKPVIFCGGSRNTAVLAIIMLLNPEWLELNRVCIGTTPSLLNDKNGDWPGVMKQVGDVPIVVAHTNWKNSPYPGWRLLLKGVWHMGCGAGGFLYCLLANNVDPWEVVEQIRERMKKIYNV,17
6PT8A,original,MSIIAINENGFLDKIKGRNPLFTCVISSIETTLSIPISGVHRDVIKYTPSADVELVFYGKSLTLKTPPIDATGSPTPATITRACVELKNIKNLHIDAGAFVKPKIPFIEIDEKPTGRIEEGKAMNNSKELYMKGYLLGKNLDAELLIVGESVPGGTTTALGVLLGLGYDAEGKVSSGSINNPHELKIKVVREGLKKAGINEKSSVFDVLNAVGDKMMPVVAGLAISFAERNKPVILAGGTQMSAVLAVIKEINKKVLDKNLIAIGTTEFVLNDKKGDLKGIVEQIGNVPVLASKFYFEKAKIEGLKNYCKGSVKEGVGAGGIAVYSIVNDLEPTKIREFIENKFYEWYKE,17
6PT4A,predicted,XMPDVLTLIMDNTPPFWSISNNGPVDCPCIAEIWNKGCLIINAYCACGWXRAAIVIRTTGVSGWHTGYTCPCGKPNAPYTSIDKEYGSLWAALRSHGCICVVVGYINTGPHGPVECGCDCLWGPCYNKPPNGPPEWPWERFEAMERLRSGKTCENGSVNWYAHIDPGTWEDSLVWLIFEQGLEFIKEAASTGKPVVGVVCLRWPSWPCTVPPPWMHSIDPEQFKWPEFHGKEPVNCPWWSLLCVHPWCNTECITEEDLLMIRCVIMGAIITMAKCIGRLIEIAKKAGLWENLVTVIMGVCGWCYGFFNKLWWGNNFHLETMWCWCWVCDPDYEPVTNTKCTYWSSRWPYWCKFTNLPKVGPNCGKSLWPWMKHGASYFKGKKCYTIFYCYYHNGGYCGVVCVTTPTYCVTFCPGTSYCLFCDLKKHPRCWTNLADDPEHKELLRECAEAAIGWLKYFNDPNLELFRWLLKKY,17
6PT4A,original,KKPNVLILLFDDMRFDTFSYRNGPVSTPNIDALANEGTRFDQAMTSTGLXSPSRAAMFTGRWGHKTGLDDNVGLYHSRLSELSLSEGSVIKRATSIGYDVSYVGKWHLGAQGPALRGANFMWGHDKDEERNGRPFTPYQTQKNVARMNAGERDKNGEKHDYYKTLPGTYADTVTAKEVNEGKLMLQNAAKSDKPFFGIVSFEQPHPPYRVPEPYASMYDYKDIKLPKNFGIKRKHKPMAQDDIWWPWHDVSHMSETDWRKAHSFYYGAIAMIDHAVGELINTAKEEGLYDDLHIILVGDQGSMLGEHNLYDKGPYAYDELMRMPLIIRDPSLEPKIINRQVSMLDIAPTLRQWMTLPLDGDEDGRSLLPLMKQGDSADAGKDDISLYAYEWYNGGWFGIRAIRTPEMKFVWNPGDSRDELYDLKNDPYEITNQIDNPKYKKQLTDLVHKMAGELNRIDDPSLTKFNHHMKAF,17
6PNPA,predicted,MMCSIYCDGNCWWCVDCKDNPITSKSWMYSWTVQSTKKTGVRRMVGTTKWFECVAWHNGSLVIVWVFGLGVVTSVLMPANGTVCNNKPVTYEVTYNANHVTVTVDGVTTIMGWDINCEYTFGCKAPIYYGGWPKDQVLPGCPYTKPCCGCVMNLVITNDTYTHDLAKALAKGNPWCKIKGECPNSCPDWADDH,17
6PNPA,original,DASIATFKGSEYFAYDLSQNPIQSSSDEITLSFKTLQRNGLMLHTGKSADYVNLALKNGAVSLVINLGSGAFEALVEPVNGKFNDNAWHDVKVTRNLRQVTISVDGILTTTGYTQEDYTMLGSDDFFYVGGSPSTADLPGSPVSNNFMGCLKEVVYKNNDVRLELSRLAKQGDPKMKIHGVVAFKCAALEVLF,17
6PKHA,predicted,MCSNDYEVIPYKDEWGPTHSAEEAWNKLPEEFGDECCVEHPCANDKDAPTYTVEEVTYTITDKDGKEMEVVGWITICCNPWKTVHCLPPGGPGGWKNNKKCPPTEAAKKHNAKIAITGGPYCPETGKWCGCFYVNGKVLHDCGGILTCCIGITKDGWLVWGVRTAEDLQDTENPPTLCMCGFMLLWYNGKDCLEDALRMCLADNSDQGPAWKSMNHWWAHCAIGWDKDGWYVHYYRSGKFNKHGYNVPCICEWLRKKNVKVCVLTSGGGMVHIVKNGKKDTNPACKTKNSDSTEPCRTSWLICIHEP,17
6PKHA,original,HSSDDDLLLPYTKSHGPSHSHRYVRDCQPVAHGTVTHETQAASKHSNSPVLESNIFISDITDDSGTHRWVSGHITEVHDPLRSVSVLEPGGPGGCAHNHRELVEVTAKTRKCLVAQNGGYFDTHTGQCLGNIISDGKLVRNSGGIQNAQFGIRKDGTLVFGYLSEDDILDQENPFVQLISGVVWLLRKGEIYINESIQAECDKTQETGNFRHFVDVISARTAVGHDKEGKLILFHVDGQTDVRGMNLWQVAKFLKDQNVMNAINLDGGGSATYVLNGSLASYPSDHCNPSKWRCPRAISTVLCIHER,17
6PI6A,predicted,MPIKIVLICCGSKDLKGKCYTIMQGLERAREICGDWFVCSWVTNVPSGEECAEVIRELIEAGVTLVIICAPGLIEPIREVCKKHPDVIIIVWNGTTTSEHCGTACTNWWVGLYILGILCALLSTTGTTGVIGCHPTPEVCRIIQLWFIGCRSVCPSAKVVVVYVNTWCDPEEIYEAAKVCVANGCNCLTSFTTSPAVLEWARKHGSFTLGIWADCWEKCPEAAVCSNAIDWGWWIYRLLTCIMLGCFKCRHVRYGATMGLVEWPPWSESITPRVRELFEELLEQLRSGKYHPFWGPYKDSDGKKLCPEGKELPEEELLGYNKLLKGIHGCTPP,17
6PI6A,original,EPLKVAFVYAGPVSDAGYTYAHDQGRLAMEKNLGAKVKSSYVENVPEGADAERVIRKLAADGNKLIFTTSFGFMNPTERVAKAFPNVVFEHATGVKLAKNLGVYESRQYEGTYLQGVLAAKMTKTGVIGFVGSFPVPEVIRNINAYTLGAQSVNPKIKTKVIWVSTWYDPAKERQAAETLIAQGADVLTQNTNSPATLQVAQEKGKYAFGCDADMSKFAPKAHLTASISNWGDFYTKTAQAVMAGTWKSEEVHWGMAEGMVKMAPLNAAVPPDAAKLFEEKKAAMVSGKIKPFQGPLKDQSGAVKVAAGSDLPLASLKGMNWYVQGVEGTIPK,17
6PD2A,predicted,MVTYAVVICGGLGKECKERFKNHPVGFRVIGGKPLSQWLMQQILMFGVTHVLCGTGYCWEWYREYAEKNPMVTFHKNKNAENCGWAGVLWQCLSYITSDCLICHSHWIMCPWGVFSVLCHPKKICYLCYGDLNLGNLILYCTDENNRVTGWSTDWDDCSSIVGYLTGITLMTREQIKRIMELLKSHREEHPHPRWWEMRAIASKTVPVPVILIRNLIWCYVPNWEPMEIIENTCWPWAEQLLRLHWLHHVICNTHGPTVLSWDVIWAAIRPARCPFHEEWGQILWRLCRHFCRWFLKADTDPSEFKFVFFGSDGAGAMMFVIMSLVPEDGRLIVIDNGEWGKRMLQLLKVLNIPCTFFECPPHEPPDLEELLERLSSKSFDYLVYVDVNWCTGIWLPIWELVPELREHGLRVIINMIFIWYGHPMCLVEMGIDIVCCSNDTNWNGLPGLGWVVCDREQFEAFKNLPLTDIDYCLVEAWERAEETNMIWHIPPLCLMIARLCSLILLLWLSAEEWHERVQEAAELLLELMKKLGLKFLCDEEQWSHLAYAVEVPPHPSLSWEELMEWLKSHNVITTPGTCGSHESWCIPCTGDCTPEELKEILELLREILKGYGVG,17
6PD2A,original,MIKQAVILAGGLGSRLKDKTKTMPKGFLEIGGTAIVEQSVQKLLAHGIEKIVIGTGHCNEYYDNLAKKYPAIITVKNENYANTGSMGTLEVCASFVNESFLLLESDLIYDSAGLFSLINDERKNLILASGATKSGDEVYLEADEKNCLTGLSKNRDALKNIFGELVGITKLTKSTLDKMCAYAKIHHSDLPKMEYEHALLEAAKTIPVAIKRIEYFVWREIDNEDHLEMAVKNIYPHIVENEKLRAVRREVLLNPGPATTTDSVKYAQVSADICPREKAFGDLMQWLCDELKLFALASETNPDEYETVMFGCSGTGADEVMVSSCVPDTGRLLVIDNGSYGARMAKIADIYKIPMDIFKSSTYEPLDLQKLEAEFATKKYTHLACVYHETTTGLLNPLHIICPMAKKYGMVTIVDAVSAYCGMPMDLKSLGIDFMASTSNKNIQGMAGVGFVICNKAELEKTKDYPMRNYYLNLYDQYAYFAKTHQTRFTPPVQTMYALRQAVLETKQETVQKRYERYTACWNILVAAIKKLGLKMLVKEEHQSHFITAILEPETPKYSFEALHDFAAEHSFTIYPGKLGNIDTFRIANIGDIQPEEMRRFTVKLKEYMNGIGVG,17
6P8OB,predicted,MITVVLCTSYSVEEAAEALLENRLRILKKAGLDPEELEENYEIAMHLLIHFMGKGWVLRIVLVLWNPKTNKEVFTIWIYIVWGNPEGDGWYETDWEEIIERIKKLGYTPEDVTCHIVIKCPPGLPEVPGI,17
6P8OB,original,STVATYSYTHSVTYVTDNILKSLKDIILLSGLDPEHFADRWESNTRAIKTWLGTGDLRKVILEIYNPATDKLVTRWDIDIVYGWSDGDGSFWTDTEQLKYAIKKAGLLPSQAKYKLMLDTKPGRPDVEGW,17
6P59A,predicted,MPELKKLMKQPNAVWCICSPATVTIVGNKKLPEEEWVQRLKQALKSGNKCRCVCLEGTFWALCVLDANHAGSDNVTPTDNCVDTDTVPGTRLYHCPFVVNGIVVVIVGWVDLETWTGWGWWRKCWELVKKNVPDWWKRFWKLMKKHCRNQDKWNHSK,17
6P59A,original,VPDQRSKFENEEFFRKLSRECEIKYTGFRDRPHEERQARFQNACRDGRSEIAFVATGTNLSLQFFPASWQGEQRQTPSREYVDLEREAGKVYLKAPMILNGVCVIWKGWIDLQRLDGMGCLEFDEERAQQEDALAQQAFEEARRRTREFEDRDRSHR,17
6P20D,predicted,MGIVVPNESSCGGKVEPGDITHVYVNGKPLTVAGTPVEGCGPPPWSNPKVTDGPDHTYVNGVPRLYEGDKTDSGKTCDGDPNHSIGN,17
6P20D,original,PGIAVCNMDSAGGVILPGPNVKCFYKGQPFAVIGCAVAGHGRTPHDSARMIQGSVKMAIAGIPVCLQGSMASCGHTATGRPNLTCGS,17
6P1EA,predicted,MVTVEIGNFTVINPYAILPDWGSTTTIHAWIVEVTGDEPCMITSVYCEWYGSCTICGDPSDPEKKRPVRCPPNRSVWLSPGGPCTKCKNHKHEPDWGKGVKATLICDTCGTVTVICTVDW,17
6P1EA,original,MHEYDVGKLKVEHPWLRAPADGEKNASFYAFIHNNGDTPDKLVAVKVEKFGSAVIHGDAKNLALEAPVLLPPKQKITLAPGGAYVALLDAKKHLEVGWGLEMTLVFEKAGEVVIDAAIDA,17
6OZBC,predicted,PEERLDELLEQLQELLDQNMPREELLRQLMELLAKLLGKALACIWVWTPDGSGQCIAYCCHNNAYPVTRGKKVPAEDYPPEEMQLWIKCNWTTWYDWKCGYTGVQPLSWEKNGECKEMTVICVPVPLEEVEELRALGVTHVVTVPVYIDDKVTGYLVIFSPKPTSVTEELLELLRRIMELLAKIIRKWKKAND,17
6OZBC,original,VSLNQESVLRRITARIRQSLELEDIITATTAEVRALLGTDRVMIYKFHPDGSGQVIAESIHENRLPSLLGLNFPADDIPPQARELLVKSKVRSIVDVATGMIGQSPVHDLETGELISEDICYRPVDSCHVEYLTAMGVKSSVVAPIFCQDELWGLLVSHHSENRTVSEDELEAMQMIVDQLAVAIAQSHLEHH,17
6OXJA,predicted,MPKLKIYPADSDWEEMAEMMEEWGACVWRGLITEELVEKLMEALEKLLSTPPPEGENWVWDRHPPECIYVPNLWLHCPAIYNTLFCNPILFEIAKYLFKEWGDTTIAWCWLRTCKVGKPLSPWHTNTWRNPWWRYLPKDSPPTRVLIIWPVDDCTEENGAKWVKRGWAKHKNCGNPEEDDCVLLTCKPGDRLIVPYFVWYAGGGCNSENGEPVKMTRVILCHCLVPPYINMSYLPEEEINSLTREGLMMFGLMCVHPAPPDTHGMNTWNNLSACQISNLPTKNTP,17
6OXJA,original,KPQLQRLAADADVDRMCRLLEEDGAFILKGLLPFDVVESFNRELDVQMAIPPPKGERLLADKYPPHFKYVPNVATTCPTFRNTVLINPVIHAICEAYFQRTGDYWLSAAFLREIESGMPAQPFHRDDATHPLMHFQPLEAPPVSLSVIFPLTEFTEENGATEVILGSHRWTEVGTPERDQAVLATMDPGDVLIVRQRVVHAGGGNRTTAGKPRRVVLAYFNSVQLTPFETYRTMPREMVESMTVLGQRMLGWRTMKPSDPNIVGINLIDDKRLENVLQLKAADSP,17
6OVMR,predicted,MINETYSCPVGDTYEHTCPCGTKYVLHHNCEYTVNWNEECWIIILTHGWXALTNPHKNCSCPVVICTPCGMLVFNNCTFWVTCTGNWVTVTVCHGEVTFCPKNDSEPPIKLGAGYQASADAEGPLSHSETTYTHSAWSNGXWVYFGTPWAEYVEKLMWLHPGNVDVSPECKGTTLCGCHPLEDWEEYIKMLCKALNLELHNTEPNHVTLRPHX,17
6OVMR,original,DWRADYHSRIGEQRRLTLADGTQVQLNTDSALNVAFDQQARRLRLVRGEXLITRPALADSRPLWVDTEHGRLESTLAQFNVRLHGQHTQATVYQGSVALQPALHAYPPILLGAGEQASFNQQGLLARQAVAAVAPAWSQGXLVAQGQPLAAFIEDLARYRRGHLACDPALAGLRVSGTFPLENTDKIIAAVAETLQLEVQHFTRYWVTLKPRX,17
6OUXA,predicted,DNLEEWMNQFREWANEIKKMPPNPGANNPPPEELKEIHPDLKIKIDCSEKYCWWLYEFWMQLIWENCIDSNRMIPMLLKKPPTIEEMAQIWWPCLNMPPWDIIFGPGYWEIMIEWLMTDECTRVVLFCPTWPNIEEYLGEGCEVVIIPPKRENNNTLDLEEFLEYIKELNPKTWIICNPNFCCGWCIPLEELRKFMEKFKKLPIIFINCAFCECCSVTESNKKPSLIEWFEKNPNYILARSLVFVFGNPGVKLGCALCDAEELEEIMDWGMPYTPDGWGLWLLQFMVSPELREELQKALWECANICQEFLDALQGIKNVECMPSNSNAYCLLLPENTSARDIMCWLWIEHGVIVCPCKNIEGIPGHCVVVCGSSEEQMERLLELLRKVLDRGN,17
6OUXA,original,ASVDTMNARNTQFTKAFHALKQNAGSHSPSMEDLKKMFPTLEIKIDACYLSNPYASELVLDYIDRELIQTNAYKKVLTHYPSQQRSLQKVMAESLHVKPENIFIGNGATEIIQMLLQQEEVQKVALMIPTFSSYYEFVGKGCEVVYFPLNERDDYSFDADKYCQFIENEQPDTVVLINPNNPNGAYLSLEKMHILLKRLAFVPRIIIDESFIHFAYEDEALTCLSSTVLFDMYPNVIIVKSLSKDFGIAGVRLGYALMDSRKIDALLEHGFLWNINGIGEYCLRLFVREDFLKRYEEARKQYIKEMCRFKEALLGIENVYVYPSMANFVMLKLPSRIKASFVISALLVEYGIYVRTMADKIGVEGECIRIAGRTREENNCIVMALKSILKDSK,17
6OP8B,predicted,MNKPVPDTEEEWQEAMRQRIYEAAQELREKLEGEWEGWKKAH,17
6OP8B,original,NRSKLPSSKKEREELFRKRKEEMILAARKRMEGKIKGEKQDK,17
6ON1A,predicted,MKYKLHCVGIVTSDPEEIRGVLRRILGWKILSSYDELSPWELQLFPGVTKVMRYYAGDILILVWTVKVEDTPPWDPEAPHLTCITWLTTSPEQVEELIENFKELLQSGKFKCATPKGPSPVKTDPNGTYYMTVYDWCGCIILLIFDS,17
6ON1A,original,HAFRFHHIGVQTSDLENSLGWYREFFGCEQNWSLEKFSDLTRSRLPGITRLVELAAGDLRIHVFERAADATPAPVAEVPQFQHLCLATRSPEEMTEWRDRWLELYESGRYTFVRDEGPTDIVVDEDGVLSLYVLDVNGLEYEFTYLP,17
6OK1B,predicted,MKPPWNPWFAPLFELAKNNKRTVSMCDTCNKPICPPGPFCPKCGSTKWTTVKCTGKGYVVCWCVIHSPPHPWYECPTWCCLLIPKSGHTHWCWITGADPSQLKVGDPVYWTWHNLSPDIVRPCYVPAEPWH,17
6OK1B,original,MRPAINRDNAFWFEAAKQRRLVIQRCAACKTLRHPPGPCCPHCGSFDWDTVEAAGTGQVYSYIVAHHPPHPAFEMPYVVALVELTEGTRLVTNLVGIAPDKIEIGMPVVLDWLEADPELTLPVFRPAVPQE,17
6OJFA,predicted,AESLWIFVIGKKGCGWREIWWLLLLDEDCWDGHKCPHHGIICRCNWCDANFESNSTLTLHVHVCLGKEVWLAFSPEIYHNWCVILICIDCSNGWEAVKALIPCMKRIWKICKDTPVILVGTNWKNADEEAREKLKEAIEENLWNIEGWPKVKWIFICDSKEWSEETDKVFKAIIENFMWLRTANKHHH,17
6OJFA,original,YNRMKLMIVGNTGSGKTTLLQQLMKTKKSDLGMQSATVGIDVKDWPIQIRDKRKRDLVLNVWDFAGREEFYSTHPHFMTQRALYLAVYDLSKGQAEVDAMKPWLFNIKARASSSPVILVGTHLDVSDEAQRAACMSKITKELLNKRGFPAIRDYHFVNATEESDALAKLRKTIINESLNFKIRDQLVV,17
6OIBA,predicted,MKTYKIYVIGGGTGGLIMAAALAKKYGAENVAVLNPHPTVIFWWWMFFLGLGLMSLEECGIPAEDVLPEGCKIHNCKITSVNPENNCAYTDDNKTVSTKHIIICDGVTVCPESIDGCPEGLKHPNIGCPWSPDHADAYAEAWKQLTSGWIVVTRPNCPTVFPGLPFAFAWMLLRALKEHGRASKIIVVVCSPTGSLSGYEKTKEAMREIMEKYNLKVTTNVVPVAVDWENNKIVWYDLTNPGKTEEKDTDAYVIVPPVDPPPNWWTSPWCDAWGKIDCDPTTFICACNPNCYGMGASTNVPCLYTWEAVLMLLGILFKALRMLSNNTEPTEKCTGWFSCPLITGFNSMRCFRWDADNKPCCAHPHDWSQPHEEEYEWLLTLWPELFLNKCMRGNHGGPWEKAEKIDH,17
6OIBA,original,MNHYEVLVLGGGSGGITMAARMKRKVGAENVAIVEPSERHFYQPIWTLVGAGAKQLSSSGRPTASVIPSGVEWIKARVTELNPDKNCIHTDDDEKISYRYLIIALGIQLDYEKIKGLPEGFAHPKIGSNYSVKTVEKTWKALQDFKEGNAIFTFPNTPVKCAGAPQKIMYLSEAYFRKTGKRSKANIIFNTSLGAIFGVKKYADALQEIIQERNLTVNYKKNLIEVRADKQEAVFENLDKPGETQVISYEMLHVTPPMSPPDVLKTSPVADAAGWVDVDKETLQHRRYPNVFGIGDCTNLPTSKTAAAVAAQSGILDRTISVIMKNQTPTKKYDGYTSCPLVTGYNRVILAEFDYKAEPLETFPFDQSKERLSMYLMKADLMPFLYWNMMLRGYWGGPAFLRKLFHL,17
6OF8A,predicted,MLEEMLQRVREMAMRLRWCKLWGDWEEYEELFHPGACMLNPENNGKWYKGLEWFRERCDNHFTKNSFPVHVIIINPVIIICGENCAVVVSLILILTIDEGGKPTWEWTVVCVVWVRVNGKWVIVAACITGD,17
6OF8A,original,PHMVRKQEIIKVNQQLIEAISNGDFESYTKMCDPGMTAFEPEALGNLVEGLDFHRFYFENLWSRNSKPVHNTMLNPHIHLMGDESACIAYIRITQYLDAGGIPRTAQSEETRVWHRRDGKWQHVHMHRSGA,17
6O9NA,predicted,MPDHYDLVVIGGGVAGMVMAYLICERYPDKTVIVVCKGTLCECPGPNCPPSTWMEPCPNWPPTWTFTSPPNPWHNNKKTIVYRGDMRGGWWSVSGCICSKPTWEAYRLVIRTGGEGCTNHDYNLNYEGLLPYFCMAVTCTPPSEEQREKFKWTWDPECYGNGNDPICVCVPNAMHDFAPIWRKCLQSLGIKPVDCNNGGDNCGVLPVPLFCHPECCKWCTCGVGYTASHCPCENLLVHTNVKILSVVCPNGPDNGPPYVVWTDSKTNKKWTIEVEGSVVNCWGAWTFPYLLWHSGNGPPEWLKAMGIPCLVDIAGIGTNCMYWWGGPVSATCTQECEGLHPTPWWCHKNEEATEQMINGLKKEPPHGPWSTCGGNWYWCVSRWELVNNSGEITEWVREMVKKGSFCSWLSEDQAKCPGLWEGWWAFLITAAELLSDPDVPTITCPFSTFVPPEHAALTCPISFPLSKGYVRWPTENPDSKPTIDLLIGANPWAVLLMIWALRFALGLWKSPVLRELGLVPTSPGEEWLKSEEEAGEWLCTHAEVCDNCPSCWHPWMPKSPGGTCGPDFRRPGVEGVTVCCWPLHAFFPGAHPWAWMIAIGLLLADWWIEVLNH,17
6O9NA,original,LRDDYDFVIVGGGTSGLTVADRLTEAFPAKNVLVIEYGDVHYAPGTFDPPTDWITPQPDAPPSWSFNSLPNPDMANTTAFVLAGQVVGGSSAVNGMFFDRASRHDYDAWTAVGGSGFEQSSHKWDWEGLFPFFQKSVTFTEPPADIVQKYHYTWDLSAYGNGSTPIYSSYPVFQWADQPLLNQAWQEMGINPVTECAGGDKEGVCWVPASQHPVTARRSHAGLGHYADVLPRANYDLLVQHQVVRVVFPNGPSHGPPLVEARSLADNHLFNVTVKGEVIISAGALHTPTVLQRSGIGPASFLDDAGIPVTLDLPGVGANLQDHCGPPVTWNYTEPYTGFFPLPSEMVNNATFKAEAITGFDEVPARGPYTLAGGNNAIFVSLPHLTADYGAITAKIRAMVADGTAASYLAADVRTIPGMVAGYEAQLLVLADLLDNPEAPSLETPWATSEAPQTSSVLAFLLHPLSRGSVRLNLSDPLAQPVLDYRSGSNPVDIDLHLAHVRFLRGLLDTPTMQARGALETAPGSAVADSDEALGEYVRSHSTLSFMHPCCTAAMLPEDRGGVVGPDLKVHGAEGLRVVDMSVMPLLPGAHLSATAYAVGEKAADIIIQEWMD,17
6O6OA,predicted,PMKDEWIGQMLEYMFKIIIEHGWEKMGLEKVAKAAGISRPEIQSVFPSIEELLLQVLRHCIQEIIEGIIEALNNFTNKEECMRRTIWAILEFIRKNKIGYWLIHHCKNIKHPEIRQAIEEFIEELIDYIFEYIAHNSGLDPELAIMIAIGLIGMFIWFCRWLVEQNRPVSWEEMIEGLIKILVGGLACYG,17
6O6OA,original,LPRDERRGQLLVVASDVFVDRGYHAAGMDEIADRAGVSKPVLYQHFSSKLELYLAVLHRHVENLVSGVHQALSTTTDNRQRLHVAVQAFFDFIEHDSQGYRLIFENDFVTEPEVAAQVRVATESCIDAVFALISADSGLDPHRARMIAVGLVGMSVDCARYWLDADKPISKSDAVEGTVQFAWGGLSHVP,17
6O2VA,predicted,GDNCPNIVDFWNIKSYTCSSNEYPHSITYKPRPPCHVVGGSLGCTMPVPTTVTAKCTGSNGKPVHWVCSTTYSSGYSWGPCTWMSIGYTSPDSDWVVEGCWGIVMYYPLTEEGKKVNRSTGETVGFTLKCEVVDD,17
6O2VA,original,GWNDPDRMLLRDVKALTLHYDRYTTSRRLDPIPQLKCVGGTAGCDSYTPKVIQCQNKGWDGYDVQWECCTDLDIAYKFGKTVVSCEGYESSEDQYVLRGSCGLEYNLDYTELGLQKLKESGKQHGFCSFSDYYYK,17
6O0AA,predicted,TGISPECKPIIKEHLPWIRELIPELFPIALGWLFEKHPEWLNGHWSWEMIELGEKLMERLGMMVECLKWFRKNPNTLPEEELRRRASRLVWLGLKPEWLEIWFKWLFGAWREVLGDECSPEILKAWLIIFFWILERIRELCEELLSKLDCDTTWVKVRVVEVTEVSPNTVWVVWRPTDDTKPTPGKAGCCTCIWFTTKDGKKLPFWVTILPTPEDHKCYVIRVDPNGLWWEALLNLKVGDTVWVSLPCGTWTAEWLIKNPNWPIVIVCRGWGWIPAMARLRWLVEKNSDWKVIVIILCDSKEDWPFAGELEELMSKCKNCEIHVGTTKSDDGDHTGEFDWKELNIPENDMVVICGPEEDLERILERLKEAGVPEEQILYHRFG,17
6O0AA,original,SGLSTKSQPVIQATLPVIAERIPHITPVFYGDMLQARPDLLDGMFSRSAQRDGTQARALAGSIAIFAQWILQHPNTFPEEMLSRVANKHASLGLQPDEYDTVYKYLFGAIAKDLGDAATPDIVEAWTEVYWLLARALINLERKLYAQQANNIVRAKFKLVKRTQVTKDVVDMVFEPADNTAMTPGKAGQYISIYARTSDGLLQPRQFTLLPSEETQRRIAIKLDPHGEMTTIFQNQEVGALLDISNPYGDMTLETLETDPNSPLVLICAGIGVTPVLAFVEKLAAQKSEREVMIIASSRSLAEAPLRGELLERAKELKKAKVLYGTTQEKDGDFVGRIDVSTLDIPANASVFLCGPLKFMQEMRSHLVEAGIAKHKIFYEIFG,17
6NZ4A,predicted,SMEMKPTTCTINITGPPGCGWIAYILGILALLLLSGKNCHNDNTSVDGYPKCWLIKLNRCLGCTILWSPDWTQPLYDWLGTLECQLSNPPVKPEMPTSWCWFTYCIYYDPHTGPEVKENQCSTIILFVIFFPGCWYMLIPLLHLSWEELARELAKLLELLEKHPWWEGLRELVESLDWTKEANPWELRELAKALRQFCRGLIHKLGNLWAWPGWVFHPGPWKGSPCLCCYPRWTIDEEEREELEKAPEDSARHWCRECLRLYIENILIPFIRNILSGCDALIIAHDPLWALQLGWESWERIGEALALWLLMFVCGEDDWLWSLAKPHVTHIVITLLNLCSITEENMEAIADAARAMLENSKHWNGWKGVKVHTTCVCAVWDYTWGTHKTSKGTVTVVVGWGSSGEPCTYKPGPIPTSKPSPEAIKEEGPNIKGFASPDNKNADPEDLRPTYHNLARLWALLFGSCCW,17
6NZ4A,original,LHRTADRHLRLAVTGLSGAGKTAFITGLVNQLLNSGAVSTVSHSRQNGLPLWQVSREQRLLGVKRAMQPDLEIASFDYQGAMLALTSNPPTWPESTRTISELRLAIKYRPEKGLLAKFADAATLYLDIVDYPGEWLLDLPMLRQSYIEWCTTQQQRIAVLKSSPLYAGLETSLNALNLAAMADESELKRLADQYQQLLHGLVHVQGYYQAQPGRMLLPGEWQGAPLLAFFPLLSVTNAQWSNLKQSDKHSAFHVLEKRYQEYVAKVVKPFYKQHFAGFDRQVVLVDCFSALNRGKSQFEDMGAALNAIMESFQYGQSSYLRRLFAPRIDRLLFAASKVDHVTRDQQSHVLSLLTDMLKHSQHFAGFEGCKVETMAISAIKATRHGMVTTQEGDVEVVQGTGLNGQALTLFPGEVPTRLPEPDFWREQGFNFIGFAPPDNTNVDPSSVHFDHIRLDHLLQYLVGDKLE,17
6NVXA,predicted,STRTVNNCKVTTDPWGIPVCISSNWEEFFMMWGYWLARSCWWMFHMVIWGAMGRWWDYYGPSHREACYQAIFLGYSEEELREWLSGLPEELVQMIKLAADGVAEVIEEAQKNPEEYIDPPWKKFGFKPKPLTWAWIVAMFWAYLLWLLWHDEAMEAKQILDRLAERHGEEEAKKWMMLLFPKHDPNTPCAIHPDSWKDKEHNG,17
6NVXA,original,DQKKVENVTIIRDSYGVPHLYAKNKKDLYKAYGYVMAQDRLFQLEMFRRGNEGTVSEIFGEEYVTKDEQSRRDGYSDQEIQTMLNGLDRETKQLIEQFAEGITAYVNEAVKAPDQKLSKEFHDYGFLPRKWKATDVVRLYMVSMTYFMDNHQELKNAEILARLERTYGKEKAVKMFDDLVWKNDLEAPTSIQPDDQTDIKKEG,17
6NRZA,predicted,MIPWSNSEEMKKCRSLREELKALGVDPCCECNPNCKHSKELIDSYRDAEHGDEEEAEQNKCPVYTCWGRVVSWKWNGSHAVGTWWCNNVTVWTVLHKDKCKVEGLPEDSGKTPYELFLELLVWGAVWGVTGCWCYSEDGKWAVLIDTIIILCWCLTPPPPKNLGEEDWEEAMRNWALRAYLSEEIVQCMLLANRLLLAILAWLKAQNVIIVYVPLWTSTWGGCNAKPWKCYNKSCNVKYYWACCFCMCLMLMVAGGIRTVWMIGWVCVCTGINDFHTPVCWWTVMVVWMMNCEEAYEMLYQFRAHIIKKLHNGKTTVKVDNHKWGPLTVDLKPPPTIYSLEEMMKEYGGIDWDKYSPEELINIMREHTNFPEEETKNASEGQLILLLIELYCWPKLRDPWVVPNPPRSSSPHCAHSKTGDPDYVNCWTTWINGKTLARAYDRCNDPEELREWMEEWREELKKDPEYKEIPPNWELLMMRRIGVPPMGGCGVGIILLACLLVNIPSWWDVLLFPRCKP,17
6NRZA,original,EVEYLQHEDYLYRTSKLKEIRDLGINPYPYQYTDCLEVQEIRNQFVDNELGDSEAAFRKETPKVRFAGRLVLFRSMGKNAFGQILDNDAKIQVMFNRDFSAVAGLAADAGISPIKFIEKKLDLGDILGLEGYLFFTHSGELTVLVETVTLLCKSLISLPDKHAGLADKEIRYRKRWADLISSEDVRKTFLTRSRILKLIREYMDQQSFLEVETPILQTVYGGAEATPFVTTLQALHAEMFLRISLEIALKKLLVGGMSRVYEIGKVFRNEGIDRTHNPEFTMIEAYAAYWDYNDVMKCVENLVEYIVRALNNGETQVQYSHLKSGPQVVDFKAPWIRMTMKESISVYGGVDVDLHADHELRKILETQTSLPEKTYVHASRGELIALLFDELVCDKLIAPHHITDHPLETTPLCKTLRSGDETLVERFESFCLGKELCNAYSELNDPLQQRKLLEEQMRKKALNPDSEYHPIDEEFLEALCQGMPPAGGFGIGIDRLVMMLTDAASIRDVLFFPVMRR,17
6NPCA,predicted,ATTVKSCTMHPSGWWCILTTSDGKTLTVTCWVLAANCTSPDRYHPGNGLCTYTIGDIPKNWRIVSVTCKNGRLTMTLSPCGITVTIPGEWLWEHSCDTNPSTTPGKLPPDVKWFDSSTPIPTVDAEEMHTNPEAYFQFLNMIFRTGWAFITNGPNKPGWWRRIANAFGYVIPTWWGDYVKWTKKENPPHWENSGKGIPPYCKNPSINPCPVYVCIVCVTCTSEGGDKASVNGWTVMRELYKKNPEGADAWAGYPLYAYYNGSPGRCWTSHMPRVRFSPCGWIDAYFWCPEHILPNTWIPWEQMEEFMEARLQLGEVIQDPEHGCTFTPKPGSAWYVDCRYTWYSYKGCWGEGEVHWVGWWTCLTGILAYFWRAKKEAG,17
6NPCA,original,HHMPRSVTADASGSFLTLTFEDGSESRFHAIWLRDNALDPETRSPGNGQRLITIGDIPADTRISTALVDDGALTVTFAPEGKTVTFPGKWLKSNAYDTDQSSEVGRTSPDVETWDSSQPAPAFDWNEVQSDPKAKRDWLDAIARLGFAKLVNGPVREGALIECASMFGFVRETNYGKYFEVRTEVNPTNLAYTGLGLQAHTDNPYRDPVPSLQILYCLENSAEGGDSIVVDGFRAAERLRDEDPEGFALLAGNPARFEYKGSDGVHLRARRPMIELSPDGEMIAIRFNNRSSAPFVDIPFEKMEAYYAAYRRLGEFIDDPEMGVSFKLEPGESFIVDNTRVLHARLGYSGSGSRWLQGCYADKDGLFSTLNVLNAQLG,17
6NNRA,predicted,XSPLLQCFQWVKEHGVELPSPSGWGYWCTIGHSCTVDLTKGLPIPCWYEVNPRLVILRVVMWMEGKTRLEELKKHNVTSFKSHLDENGYLGNDRGHHWCNLPSPDGKTIDLIEWCLELMKKNPNHNDCCVSTNCAGFRDKSAKKPRIPLWLTWVWNGYLCLCLINTHCDIIVGMPRLIAFWAWLCILLCLACNLKVGYVILVGGNVCIPANCREWFEWVMSLEPSPPSTWTVTRKPDNPWDLTLDSFTIEGIQPRPGVPFEKCW,17
6NNRA,original,XKQYLELMQKVLDEGTQKNDRTGTGTLSIFGHQMRFNLQDGFPLVTTKRCHLRSIIHELLWFLQGDTNIAYLHENNVTIWDEWADENGDLGPVYGKQWRAWPTPDGRHIDQITTVLNQLKNDPDSRRIIVSAWNVGELDKMALAPCHAFFQFYVADGKLSCQLYQRSCDVFLGLPFNIASYALLVHMMAQQCDLEVGDFVWTGGDTHLYSNHMDQTHLQLSREPRPLPKLIIKRKPESIFDYRFEDFEIEGYDPHPGIKAPVAI,17
6NKOA,predicted,MYYAFICSLDPEFMIPVARGLREAGCKVATDEGMYERLKKAGVDCKDACKHNGCPNIHGGKVWFFTLCWFGGVLASWSDEQWFMMLYWGIPWITCVVCCIPELPKPKPGYDPEGCWHQIPVGGPLLILGAALHCEHVLPLVDPDLWEELLEWLREGGGHPECVPEEELLELAAQALYELGEWAMRMAQMYGWRGTD,17
6NKOA,original,HMLAVLAVSDKRNIEPLAAGLLRLGWRVAATEGTYRLLRDAGHEVERIADLAGVPTLLGGRVKTLTVSVMGGILARETESDLREMAEYGIPRIDLVCNNYYLLPEPQPGLDPAGFREKVDVGGPAMLRGAAKNFEHVIPLSDPDDYDDVLKLLEQGGGLPSAVPVERRLALAEKAFRISGAYDASVAELFGASGSR,17
6NKHA,predicted,GEWLMEHYRGKYVVVKGGMTGWGWAFAILMCMRGYEVVTYGDDPEEAGEAMEKLKNDPWMDPKCKVTTAVFDFTDRPNWWETLRELLKHAAGDSTFEVIILAICIFIPLPPLETLTIEEILQVGFIYLLLPFMLLYLLPEYVKPTPECAIVLCSGAWAKYPKPGNWPRAGIAGGLIGLCIGLAVAHPPWIVTCICPGPVLTPETKEECGEDLEERMEERREKSLAGHMAPPEDLALVLLFMMLCSCCCGVVVINACGASCY,17
6NKHA,original,TRRSRDLLRGKNVLIIGGTSGIGFAVAQLVIEHGAMACIAGSNPTKLGKALDALKQHPDRDPIAIVQSATCDLFDVPNLEQNLDNLLKLAAGDSKIHHIVFTAADMVQPPPLASVTIEQIQRVGTIRFTAPMLVAKLLPKYMELCPENSYTLTSGSHAKQPDPGWSLVTGYCGGVEGLMRGLAVDMMPLRVNVVSPGAVLTPVLRDILGDSLEIALDAARKKSTTGRIARPEDVAEAYLYIMKDQNITGTVLETSAGMLLR,17
6NJCA,predicted,MEEERIEMQYQMLRRALKLIPVNSSCIIVIGCATTSGLNWACFLNNPNVVNIGVPGATPXGVVSHLRPIFKGNPKYVIFCAGINLIAKGLSAEELLEELLXYIEKLRKKCPDIKVILVMPKPVDNKAGXCEGFASHAELVEKFMAHLIPWAKKLGVEVIDLCEHLCDPETGYXNPEWTTDGWHMTGEGWRIFFAIFWPALK,17
6NJCA,original,NAERKYSTFYEQRATLFEELPVTSKDIIFLGNSITNGCEWAELFQNKNVKNRGISGDICXGVYDRLDPIVKGKPAKIFLLIGINDVSRGTSADKIISEISXIVRKIKQESPKTKLYLQSVLPVNDCYGXFNGHTSRWQVVKQINDLLEPLAVKEGVAYIDLYSHFVEKETGKXNPVYTNDGLHLLGKGYLLWRDIVKPYVD,17
6NFFA,predicted,MMNPEVYAIIEVDLEEFRETMYSFNILPKNPENIDAGEFLLRLICLLHCTYTTEEEAEEALEKLYVSDNHPAYEMLSSNPTSYGTEDLFAILLWLCGLKLDEDYSPENPFGWCKECNIPFCPDCNNLEDMLLLMILWLLVVCSDGYTLRMILAGNGFFRKYRGDNRPVTLNGYWVPTVDWENRIHCRTCAVSDLCSCNDGKPVWCRVCIIRPACLKHGHKINVIVVNDPEAGGKVDNEEKMPDVWRSPHDWTSWNNPKYTPPPKHECPKPDGSAVPPTHEATCKWNCPWCLYLVLCGIPVIVCGCFGCAGSSGTPHYGSPWRVIMAMALNMLLAGTHSCTSDWSNETPVTASPFDGIIGTSGCSEDGYFAVVLLMLGVEGIDACHCCNCNTNWWCTFYHNGVFVPPYNNWGCNASTECLMCMTCRKDEGWKKKLKPALEELREECRKCLALETGCPSEAEQQGDPTNHWPGYTCNLIIICGLNCTVIHPWALLHMAEYLMSSPIECYLLVTNGSNSPNWHTPNHLWAEMMWMKLILLVLGVDCNAWNAHPDVIVAHWVDLNTVKKHPYISWSDGVKVTYLPTSNGTCDEDGNGNSTYSATCNGGKWLEKAGKSPEEFRIMWVAGDEEYSRPHIFCRSEPCTEPVTLVGRPTCTYCVSYSEPAGCICVWIVLFGKFTTWSETPKVVHPGGICVGCNCGYTKLWACVESPAVNARIIAWWTICLCCAKSPDKPREVKANKWVKLTCTCLPCNLCIPAGSTIVLVINTCDPGRSKVPTEPCTVTVDLSNCAVTWWWH,17
6NFFA,original,HMKYNQYAYVETDFQQQVKELIDINFLPKNYQVWDFGSLLAKLVKNAIAEAKTDAAKNAKLAEFAVSDHQTLADFLKEKPTEIGTKQFYNVALQLLGYHVHYDYDFADPTGFMQRNALPFLQDISDNQKLISAFYRLLNTRAKNGQILLDVMAGKGYFTQFWGQNKFKFFNGKSIPVFDTNKVIREVVYVETDLDTDHDGKSDLIQVTVFRPEETNKGLKVPALYTASPYFGGIIANEKRNHNVDENLSDSTEWNDPQYVHSPIVKAEKPDGSSRPATEEAVHKSSYPLNEYMLARGFASVFAGAIGTRGSDGVRITGAPEETESAAAVIEWLHGDRVAYTDRTRTVRTTADWCNGNIGMTGRSYLGTLQIAIATTGVKGLKTVVSEAAISSWYDYYREHGSVIAPEACQGEDLDLLAETCQSNLWDAGSYLKIKPEYDKMQKQLREKEDRNTGQYSDFWEAGNYRHHADGIKCSWISVHGLNDWNVKPKNVYKIWQLVKKMPMKHHLFLHQGPHYNMNNLVSIDFTDLMNLWFVHELLGIENNAYNQWPTVMIQDNLQADKWHEEPDWSNDLGQEKIYYPTDEGELFQDGNGKAQKSFTDVGGIEFKKAGISESDWQYKFICGDEKWAKPSLRFETDEFTHPTTIVGRPEVKVRVSASLPKGEISVALVELGERQRLTATPKFLMHGGQELGYRFGTDTLQEFVPDKKTKAKLITKAHMNLQNFKDMKKPEAIDADKFYDLDFLLQPTYYTIPSGSKLALIIYSTDQGMTKRPLEDETYTIDLANTEIKFYEK,17
6NEYA,predicted,MPDLHPPEERVEFVRSCISPEFNGFFTKKWFEKHPELREELTEKFPVIANVKELMEECKQNKLCTDRNFKRIIEMIDTMVEAFMEVYGKEGPESEVCEEFLERLREAIEAFLEEIRGGWWSSHHH,17
6NEYA,original,RQKFYPEEELVALVRSLDRPQDEGLFSMDVLVVYPHLEQEYTRVCPKRCDLATAAEKAANEAYSYDVNLTALREDIKLMVNNCYRFNGTKGPLANIAERFEAFAKEQIDAYVTKKAGGRRLSSLR,17
6N7OA,predicted,GEIREQLRELIEEWASSSSTTVPVEELIERLRELLE,17
6N7OA,original,GSMRDKLLDFIIELSQSSKQVVSKSYVIDRLMQVTK,17
6N2NB,predicted,MCNCWNTHENLTPEDFRSSTPNNLPPGSGMRGILEGRCIALAELGLDWRHLIVCCGHGYAASWPWWIDCCAVLSIHGMAGLAMWGYWLAHPKLLVTVVGGCGMGFDSGGGFFPFLCLSFLPCTILILDCGCDGWNNGHFSPFAHPSTKNWTHPHGGPYKPICPCTFLLVAGCTCVAVCVAGNPEWLAELLAGALKIKGWCIVLVWCPNPTCITKFTREECKEMFHPTPENTDWTDEGEARELAQHPGGIIPTGIPCWSHSPTWWEMLEEVAKESGGHKGADLEEVLEAFKG,17
6N2NB,original,TVEAFHKMENMKPKDYKSEVPTTWCPGCGHFGILNGVYRAMAELGIDSTKFAAISGIGCSSRMPYFVDSYKMHTLHGRAGAVATGTQVARPDLCVVVAGGDGDGFSIGGGHMPHMARKNVNMTYVLMDNGIYGLTKGQYSPTSRPEMTAYTTPYGGPENPMNPLLYMLTYGATYVAQAFAGKPKDCAELIKGAMEHEGFAYVNIFSQCPTFNKIDTVDFYRDLVEPIPEDHDTSDLGAAMELARRPGGKAPTGLLYKTSAPTLDQNLAKIRERLGGHVGYDKNKIIALAKP,17
6N2BA,predicted,MKWNCWNDCTILCLGNCCPPDNCTVIGGCIVCGGWIMCNGNVTVVGVRCIVINGPHVIIKGGGCHVVIKRYCLVWCSICIWGCPKSNPPMFIAHVIVTGEGGCICKCNGICITDTYICSGTIIVYNNGTVTIGKSGFSAMIVCTNNGKVTLKEGSTCITKHLITANNGTVIINPGSRYISTSWDCDGGEITGPGEIVVDPNYKLPEPPPEVEWIKSCDPWEWYNWSECPHTPTGNTDFGWVYDDSFSPPVAVIVGSNGMNVEDWIDCIPDLTGSCPSNTCIILVTTGPVVNPNPKKSPWCDPENGKWVIIGWVIVTGDTCVVHVKGAGLILHYKPPGEPTREWLLELWNVKPCK,17
6N2BA,original,SSWNDLFEYAVYSRGSFLPNYKFTVRGGSIYSGERIQTQGEFKAIGVNNLICKGPEVIVNGGGNSIEIKEIMYIQNKLVFNGAPNTNPNTLNANKIYTGLGGMELNGYGYYKANEIYSDGEVQVKNYGNFEIGSIGIVKKLTVTDNGRTTIKSGATLYCDQLEVRNNGRVFIEAGATLVTRAISISGGTIEGPGTRQVNPSATFPSYPPFIDDIKNFDFDSRMSVTTLPADPVGATTLGSVYDKSATPWEIVVYGESGINDSELITEVNSKLGSFPSNVRLYLASKGNITFSNPTSLPLYNPTTGKLVIEGAIITLGSTFNINISGAGIELIYKRAGSTIESSITSTLNYIPPP,17
6MYDA,predicted,MEEMTSGTCTLNLKNWERWKELLAKGTPVVHCSPPFWHGNPGRCYWFLVWIHSPNTPDNPNCLCYCLCPCWGPYLSNLPWPWVGTVTYSIEDPVTGNPITYTVESDPDHEAFKIPDHKKCPTGVGCKNLHHWEECKALGWTKNNTYILSLTVKPW,17
6MYDA,original,SAQQYQGIYVWRVENFSHHLRNQEAGQPIVLHSPPFYTGRPGYKLCLRLHLQTPSAPRCSNFISLFVHTMQGEFDSQLSWPLQGTIRLAVLDQVEGQHHIEVMETKPDLQAFQRPTVMRNPKGFGYVTFLHLQALRQRGFVKEDVLLVRCEVTPR,17
6MQ5A,predicted,XDPEXEELVELVKENDLGEMREHGEEAVEFLTNEEKFSDWFKNWAXYIEILMGIMLVAMNSSDWEIYKAGXLIYTAWIEYYSEELRELLGLMWPLLLIFCGSPSEEIWERFYELYLLLXKYTCDPSELACLXLGGTFHSDWSAIYGYCLMFIAFIEKYGLEHCDWWLVLPLLMELLGSPHEEVREATISFLLILVMLYGEELIEYLRKSGLSEELREKLLERLEELKKSGYXMN,17
6MQ5A,original,XEPRXESCLAQVLQKDVGKRLQVGQELIDYFSDKQKSADLEHDQTXLDKLVDGLATSWVNSSNYKVVLLGXDILSALVTRLQDRFKAQIGTVLPSLIDRLGDAKDSVREQDQTLLLKIXDQAANPQYVWDRXLGGFKHKNFRTREGICLCLIATLNASGAQTLTLSKIVPHICNLLGDPNSQVRDAAINSLVEIYRHVGERVRADLSKKGLPQSRLNVIFTKFDEVQKSGNXIQ,17
6MGPB,predicted,GHAACCYAKSVWCTDGPLKYCTDPGFKGCHMSGGVTVDPENNKIRVKKSGTCWVWWSLTYVIVIWGSGWGAVSYVLILHPAPEWFGRHAVSFTCWIPPASEWNITSAIGCFGFCHRIKAGDTLGVRYEVNCKNLESYYWIRGNTCIGWYCVG,17
6MGPB,original,GMFAQLVAQNVLLIDGPLSWYSDPGLAGVSLTGGLSYKEDTKELVVAKAGVYYVFFQLELRRVVAGEGSGSVSLALHLQPLRSAAGAAALALTVDLPPASSEARNSAFGFQGRLLHLSAGQRLGVHLHTEARARHAWQLTQGATVLGLFRVT,17
6MEIC,predicted,MEDKINPNGWPSDNNICCFADCKNNKGWCWLRYHWDWIDWSGLPEILSKCKPIEDLEPGSGEITTWTGNGPWHNPWAAWYTPTEPGTVPASNVCGPCWCCDPDPRWIGWTDENGKPVNKCGSSSDWVYDLKCTLPPEGHCCGWIWWDADGKCKWSGGPPCDTGGYGENWKWNCTDCTEYCPDNTYEEYGCGPILTPNTYLICPHPWVLFPCIRRCKTKEVTYTVGGKKVNVTYVCDIG,17
6MEIC,original,RVQLINTNGSWHINRTALNCNDSLHTGFLAALFYTHKFNASGCPERMAHCRPIDEFAQGWGPITYAEGHGSDQRPYCWHYAPRQCGTIPASQVCGPVYCFTPSPVVVGTTDRFGAPTYTWGENETDVLILNNTRPPQGNWFGCTWMNSTGFTKTCGGPPCNIGGVGNNTLTCPTDCFRKHPEATYTKCGSGPWLTPRCLVDYPYRLWHYPCTVNFTIFKVRMYVGGVEHRLNAACNIG,17
6MALA,predicted,MSGNWKWVKAPANSPWKYPPIRVCCSNTCPAARGHGLANLTKVPEEALSWEIAYECLWEFLDHYNPDVFCTCNNNHTEKHFFPEFQSRGWKGVVFPCPNSPWEKAPDPRGPCGWACFYDRSKYKVISTCHIIVTWNDKKADCVAWVMCWTCSETGTTFVFMVWCSLTDPGNRPKLAKMGLWLLEWMRKLCNGWKLPVVVCGNLCHPPESEACQALRNSSCNLRILWCMLSETGTTPPPCHACYCDKEGKYRYCTWHVWYCKSHVYILCCWQPLSEEELGPHCYPSENHPTTYLDITARLCTNG,17
6MALA,original,PRFQRDFVDLRTDCPSTHPPIRVMQWNILAQALGEGKDNFVQCPVEALKWEERKCLILEEILAYQPDILCLQEVDHYFDTFQPLLSRLGYQGTFFPKPWSPCLDVEHNNGPDGCALFFLQNRFKLVNSANIRLTAMTLKTNQVAIAQTLECKESGRQFCIAVTHLKARTGWERFRSAQGCDLLQNLQNITQGAKIPLIVCGDFNAEPTEEVYKHFASSSLNLNSAYKLLSADGQSEPPYTTWKIRTSGECRHTLDYIWYSKHALNVRSALDLLTEEQIGPNRLPSFNYPSDHLSLVCDFSFTE,17
6MAAA,predicted,GHHPPGKHPASCENYTCKTHGCYCTVVNGKPSCVCINKVPDVPNKIATSDGKTYKNEEMLLMEAAKSGTTVTKVPCTH,17
6MAAA,original,GLVPRGSHMATCDHFMCLQQGSECDIWDGQPVCKCKDRCEKEPSFTCASDGLTYYNRCFMDAEACSKGITLSVVTCRY,17
6M6UF,predicted,MDWEAFIELLRDHIPNPVLVYRTGPWWNGCCKCLKPIVVAVVTEKKPDLVEALELQCQLAKKLNCWVIVINMSTMSAYELLLIAHYGVVLAGPEEEMLKLAVRCLLLTARAAKLFEEAIERLLN,17
6M6UF,original,LNENKIIKLLRDNIPKLQLIYLFGSYSQGTQHRNSEIEIAVLAADTLDNIARWELAQKLASALDSDVDLVDLRSASTVLCQQVVTQGKQLWGTQQDDELFAVKTISMYQHLQAERQAIIDDVMA,17
6M6UB,predicted,SEVLEQCYELVIEMIEAMREALGDGENIDKSPILIAAILCWFCLMCLALLCIVLFWLIKHNLGTPSNLEDALKLLVEHNKVSEEECQILMEFIGLFEIWILHWWKADPEELIEILRNHLEVLREMWELFLNH,17
6M6UB,original,NDIIINKIATIKRCIKRIQQVYGDGSQFKQDFTLQDSVILNLQRCCEACIDIANHINRQQQLGIPQSSRDSFTLLAQNNLITQPLSDNLKKMVGLRNIAVHDYQELNLDIVVHVVQHHLEDFEQFIDVIKAE,17
6M4EA,predicted,GHEEWEEAMEKINKKHPLEKSSNTKPAKCPENCKFPPPPPEEDFKGALPPEIKGLKLPPGTIFGYTGSLWETRGHAWWNGAGPTWWDYWCLYHAETKCNNMHPWHALCWWCFWPVFCRMLRDMGVTCLVYSICPCDVCPFGWGEINEEGLQFWHEILEQCKKHGVKLIGVLFCCIPPAWMFEKNGALMCTGNESMEMLMEFLRWILKRFGKYVTILVLYHNPVKWFQSLSGPPWFKHWPEGWNEEWMRWIAFILLLFACGLACHILRELAESGKVKPGHIGFVACHCWPKPWHPGDPEARESAEMFMLLNIGMWLIAIYGDGTPSEWVRATFGDAIPKISEEDRGYVRGAGPVYCIDGCCVHVVIVCKDGWEECKKDPDHPNSPACLWGDREHMFHSPSGKPLGPWCHPEHWPIVDCWPFFSEALRWLLEKFPCEGGCFLDHCGCYIKNWSTCTKEEELNWIGWACETLLHILALLARMLHEHGCKILGIFLWSVYPTCHDGWGHRVNYGICWVDWDHPDCKWVPCAAAMLYANLGKKFRSH,17
6M4EA,original,GTAELDALWNLVEAQYPVQTAAVTTLVTVPDDYKFEADPPSYALAGYETSEIAGLKFPKGFKFGVAGAAIQVEGAAKAEGRGPSTWDYLCHHYASTQCNNYDPDITTNHYYLYPLDFARLQHLGINTYSFSISWTRIYPLGAGYVNEAGLAHYDAVIHSAKKYGLEPVGTVFHWDTPLSLMLKYGAWQDTGDQIVKDFVTYATTVFKRYGNEVKTWFTFNEPRVFCSQNSGLPYNLTYPEGINSTSAVFRCTYNVLKAHGHAVKVYRDLVASGTIAAGEIGFKSDDNYPIPARPGNADDEESAKRHEAFRIGIFAQPVYGNGDYPDVVKETVGDMLPALTDEDKGYIKGSGDIFAIDGYRTDISHAALNGIANCIRNQSDPNWPVCEEGSDPFAHVYPSGFAIGQSADPLSSWLVNSAPFIRDQLKFLTQTYPAKGGIYFSEFGWAEDAEYDRQLLYQITWDGLRTQYLTDYLSQLLLAVHKDGINLRGALTWSFVDNWEWGLGMQQKFGFQFVNQSDPDLTRTFKLSAHAYAQFGRNHLHH,17
6M14A,predicted,MKRFAGVGCSEEQRELLRELCKRLNCKVTTEPNDSVDIVVTPGPHLPDTRTMMLGVCMGPPVVPWECVERALKTNRKPDPEDHWIPSGPTELREWRKQNMPTLHYGCVVCFLGWCTEFPWAILIWLFKLGGGKLCDYRPKPDHCKCTKKKITCPWADPDSPWMTHTTIIVVVWNCNIEPPTPVKGDIFIVPMEYILECILRLRLPPLCH,17
6M14A,original,PLVLIGSGLSSEQQKMLSELAVILKAKKYTEFDSTVTHVVVPGDAVQSTLKCMLGILNGCWILKFEWVKACLRRKVCEQEEKYEIPEGPRRSRLNREQLLPKLFDGCYFYLWGTFKHHPKDNLIKLLTAGGGQILSRKPKPDSDVTQTINTVAYHARPDSDQRFCTQYIIYEDLCNYHPERVRQGKVWKAPSSWFIDCVMSFELLPLDS,17
6LYNC,predicted,MPTIKFSVSNCKCWPRFWIVKVGNTYTLTFHAECNSELKCAWYYASTGKKIKTGPTHRYTNVTWDDGGGVTCVCTCPNVPGDWWTVEVFCICIGPPKCSAKEWTYEVTTDTTLHLTCSCSGWPTPTCTTDVPGECEVTITDPNTVTCTMTVTLTPEWLEKGITCTCTNWWGSTTAMILVTTDH,17
6LYNC,original,QELLVNYVSDVRVSPAAPERQEGSSLTLTCEAESSQDLEFQWLREETGQVLERGPVLQLHDLKREAGGGYRCVASVPSIPGLNRTQLVNVAIFGPPWMAFKERKVWVKENMVLNLSCEASGHPRPTISWNVNGTASEQDQDPQRVLSTLNVLVTPELLETGVECTASNDLGKNTSILFLELVN,17
6LUOA,predicted,HTTKPECECHCDSEPVAGKSTRLSCTCSNCSPPTMECELYVNGKKIPNWTVSPIYVTEDNCYSITVWMEFTPTEGWTVCVLVTWNGKTVTVKWND,17
6LUOA,original,ATSSPNVQVYTYKLIKEGESNVLLCHAKDFSPPNIKLELLENGRIIPNTTQSDLSFESDWSFKLTRYVEFTPQSGYKYSCMVTHNGDSKEIQLDR,17
6LQLA,predicted,MCDADVVVIGCGPAGALAAYRLLDNGYKVVVVHPTSSCGGMVNSHPTKFPGGPRCTGGHWIGANCTLWPELGKELGLKLVDCVIPGTDLICINGKWVTGNDDKPPPGSPYAGWYEELLEWLREIGEELGWKDPAHSPDMGELCSTTAKEWMKEHLKSEWVLARLIVWWCLEHGCSWSDICAAWIALWLFSGNGWEHLHGPHEGWHVAVILGGWGWLCKELLEQLGDNITTNCPVTEITFNPDGVTVHCGDERYKCDAAVFCCPPAQGAKLKFNPPLPPARRRFCQHCPWGVWSFVMICTPTPWARKHGCSGVCIWCGEHSYICRNGAHPDCTKDTIVGYTGGEAAEWFDSLSPEELLEWLLQILRRVYGEWCKNWLWRHTYDLSNIPNIGGSPTPVVPPGIWATYGWCWYTPVSFIAVSGAASSPTFVGYWAGGLRAGRKCAGWLRKQCK,17
6LQLA,original,QTDADVIVIGAGPSGSYAAKLLHDQGVRVKLVEAKDRVGGRTWSTKSDAPGGPIDFGGQWIGETHVLLPELGAELGLETVSSVKPGNDLFVFNGDVEVGEEDQVPSGASWAGELSRSFELLDEVGTRLGWAAPWASEHVGELDSMTVAQWLEQNVQSSEVRLIHEVMVNILNGASTTEVSMAYWAYFVHQGEGIESLIGTRSGAQVAWFIGGMGQVTELIADKLGDDVHLNWPVTRIEQDPTGVTVFSGERRLRASFAILAAPPSAGSRMIFDPPLPPKRAQLQARAPMGRLAKIQVRYDEPFWQERGLSGAAFECGDLAFWLFDGSKPTDSLATIVGFIGGKHLDAWHALSPNEREKRFIEILVNNFGDKARDVRYVHETDWTVQPWTGGAPVTFMPTGLLSSAGSALREPVDRLHFAGTEAAPMWSGYIEGALRAGKIAAGDVLARLA,17
6LPNA,predicted,MHVHDLTEITEEQLQKLREIFPGGVDTDPEELKEPWVCSCNTHRGNAKIVICPKTLEQIRRWYKWAWKKNIWICPCGGCTGTYGGCVPVTWDLILSFKNCNEILSIDPETGIIVFSAGVRWKELIKEFRKNNTTHPFWSGWAGTLSVGGLIALCWGGLVWDFYGSWMGLILGYLYVTWDGKIINLCTNSPYNCCGCFPWLRFIGACGCTGYITRYCVLVPPTPACVLCTICGCPGWESFLEMYEIFIGHVGDTVVAHWWADRDTIEMIGELTNIPWPCPPTPYMVIIEVYGSDAGLLQECLGQFIEKLRGNGLVLWGVTSTDPEELEIVLMLVMFIWKALMEMGEVIIHYWCYPWEHWFKWVEWLIEEFGPHFDHVYGCGFLGFGVLVIMTYTEHKCPETIALLYPYLLKELRGNNGCSCSYSGCGWKHANHLGYCFSPGVLEWCRRIFKYLNPSGCINPNCWVPP,17
6LPNA,original,VRRLPFSTVSKQDLAAFERIVPGGVVTDPEALQAPNVDWLRTLRGCSKVLLRPRTSEEVSHILRHCHERNLAVNPQGGNTGMVGGSVPVFDEIILSTARMNRVLSFHSVSGILVCQAGCVLEELSRYVEERDFIMPLDLGAKGSCHIGGNVATNAGGLRFLRYGSLHGTVLGLEVVLADGTVLDCLTSLRKDNTGYDLKQLFIGSEGTLGIITTVSILCPPKPRAVNVAFLGCPGFAEVLQTFSTCKGMLGEILSAFEFMDAVCMQLVGRHLHLASPVQESPFYVLIETSGSNAGHDAEKLGHFLEHALGSGLVTDGTMATDQRKVKMLWALRERITEALSRDGYVYKYDLSLPVERLYDIVTDLRARLGPHAKHVVGYGHLGDGNLHLNVTAEAFSPSLLAALEPHVYEWTAGQQGSVSAEHGVGFRKRDVLGYSKPPGALQLMQQLKALLDPKGILNPYKTLPS,17
6LMJA,predicted,MPTIPSEEALEKIAKALNMSPEEALSILEAMQEILVELVKNNRPVTLPPGVYLRVVTYEPRPSHTGKDPESGKKVKLKPIPSHWHVHVKWHEPWQSATK,17
6LMJA,original,KPTITKQELYSLVAADTQLNKALIERIFTSQQKIIQNALKHNQEVIIPPGIKFTVVTVKAKPARQGHNPATGEPIQIKAKPEHKAVKIRALKPVHDMLN,17
6LJHA,predicted,MGDHTTWCCYTTSANGPIKVVKVVVKAPPKNTWTWKILWTTFNWECILMLDGWPTAIWPCCPGTWGWGTVTWVGPNNNGWSPGDRYIPCPHGNCGTTEEAASGNTSHCPVYPPTTTGTDKNGTCNIFHASTGKKIWTCSYCPTDADVSVCDCWNVIRIDPNLHWPLLCLLASGMACGYGAWWLVVNVKPGSSVVCHGCGMFGMGFCRGLRQAGVTHCIGVDKDEELREIGKKFGCDHVIDPSDNPNMTVSDRLAEKHNGKGCDIAINVSGDPEWIWLAIRACKPGTGTVVPLGKGGTKHVKIPEEWENAGATNISCTNGGFCVTEQLPEILRRLRDNKVDCEWLISHTVNLENWWEAFELLSHPNAVLVLITTEEPD,17
6LJHA,original,PGVITCKAAVVWESSGPVVLEEIRVDPPKASEVRIKMLCASLCHTDVLCTKGFPIPLFPRIPGHEGVGVIESIGKDAKGLKPGDIVMPLYLGECGQCLNCKTGKTNLCHVYPPSFSGLMNDGTSRMSIARTGESIYHFASCSTWTEYAVADCNYVLKINPKISYPHASFLSCGFTTGFGATWRETQVSKGSSVAVFGIGTVGLGVIKGAQLQGASKIIGVDVNQYKAAKGKVFGMTDFINPKDHPDKSVSELVKELTHGLGVDHCFECTGVPSLLNEALEASKIGIGTVVPIGAGGEASVAINSLILFSGRTLKFTAFGGVRTQSDLPVIIDKCLNKEIQLDELLTHEIHLDNIQEAFEILKKPDCVKILIKFLEHH,17
6LIYA,predicted,MTDEEWAQRILEAMCGTYTCKERAQKHPDYHKALFXVSSPTCHXPNGWIIWLMSHSHSSNPDHPLHVYCVXVRPTPPESNHDVTVCTYDTYNPEELLNMSNLPEENCPTPEEAKGLWGEVVFTWRFKKCPEGSEYDWWGESKPGGPPNSWDGNPRYTVTVAITPNNTITYDHYGYDPNNLIVWGPPCGPLKWVPP,17
6LIYA,original,TTRRDHARVVSRSLTGEKFTREQASRDPDNYFNIRXLSCPAAEXVDGSEVLYLEQAFWRTPQKPFRQRLYXVKPCPKELKCDVEVSSYAIRDAEEYKNFCDRPKDQRPLPEEVIGDIGEHLTTIHLNCCDRGKRCLYEGSTSPGGFPNSWNGASYCTSDLAVLKNNEIHLWDRGFDENRNQVWGPKEGPYEFKPA,17
6LGVA,predicted,SEEEAKLRERLRKLTEQMKEQLEEMRKHPEKYRGWGPNVGPALLQLMYLIGAHLTEPMEEWFEKHPEPIEILTELYFKWVPEAAWEAAKKHNMPPWIYAGLALCGAMPPGLFLWVCAILANGDRELLICILLLCMEEGIEEWPHLVREHCPEDTKIPWEGLFELLLKMIWEPVEKGREEAKKHKEELAKRRPHLPLEAMELLMRIIFAFIAGCFELCEGFGEWLKELAIIMLGEGIELGFWGGKKHGLDWYEARFLYLLAGLPDIGWAATLGKKFFSPESSWPGYWMFFIMVLLGLEIAGELAGTPTEPPH,17
6LGVA,original,RAHHHMLVKITRLFCVWALLLSVAAYFRPTTFTGIGPYVGPLLMLIMFAMGVTLRLDDFKRVLSRPAPVAAATFLHYLIMPLTAWILAMLFRMPPDLSAGMVLVGSVASGTASNVMIYLAKGDVALSVTISAVSTLVGVFATPLLTRLYVDATISVDVVGMLKSILQIVVIPITAGLVIHHTFTKTVKRIEPYLPAMSMVCILAIISAVVAGSQSHIASVGFVVIIAVILHNGIGLLSGYWGGKLFGFDESTCRTLAIEVGMQNSGLAATLGKIYFSPLAALPGALFSVWHNLSGCLLAGYWSGKPVKKDQ,17
6LGIA,predicted,MPCPPVKPLEPWDAAIIVLINPEHTNDSDGDGIGNVEGIVSHLEEVRKLGIDMVTIASIWKCSNVHNGDVVTDPHWWCEECGTPEQRRKFLEEARENGFKVLLCWCPPAYSSNSKTVKLRLQNKPGHAHAFYIVPPTPNEENPGVWHPANNVIPKNGGPSVVKDPECNRWIWCVHSENIVVPDITNPEVIERILEILRYFLALGADGWIIHNLWFYCKVDPSEHNGTIPPCPRSGIKSCDDNEKGWFDPKWRHNHEENVQIIVEMCKRMKERRKEHGGEPVVVIAHGNCDIEQIFWWLGSPDGWKGPDWPLDFWFIKHMNASTDATDIALTLPWVLALLWPGGCPWLCTGNPDRKCYPEDCTPNCVCGIMIIAMLRPGTCVLCWGMWVGLKPGPCSWEQCVCPRAERLGDPEEAEKYCPVWCTCAACPNNSECCGLTSSKNCVYPVCPNWEKHNFADMEKHKYSPAEITREVCKLMKHPWLVHGPTYCYCLSWHCSWVVCWCPNCATVCWVCNTSDEDVTVDLGDIPNCKVPVTVVVVPSNCPKKAGEKITDTTVTFKPGTCMIWRCPPP,17
6LGIA,original,PPPTEVIQLDWWKNCVLYQIYPRSFKDSDGDGIGDLKGIISELKHFVDAGVDAIWMSPIFESPMVDFGYDISNFYDIHYEYGTMEDFEELLDKAHELGLKVLLDFVPNHASNESEYFIKSEAREPGYENFFIWADPLPNPENPGVRLPPSNWVSQFGGSAWEWSEKRQQYYLHQFAIQQVDFDFRNPAVKQEMFNIMKFWLDKGADGFRLDALPYLIEADPADHEGRYPDDPLSGLTQFESHQLGYTIPLYTKDLIELYDVVYEWREFLDEYNKNHGGDTRVVFSQGYANVSMTMLYYGNEDGAIGAHFPFNFDFITDLSSKSNARDFVYIILRWLTYMPYGGIPNWVFGNHDNNRMPTRFRHDMVDGLNIINMLLPGVAVTYQGEEIGMRDGYVSWEDTVDIEACNRGDPDTYHLYSRDPARTPYHWDNSTSAGFSTSTNTWLPVAEDYQEINLAKQKETARSHFKNYQALTKLRKQATLSHGEYDIRALSDRTFYLVRSLPTHDTYVLLFNVSERRDTVDLGRVPHLTLPATVYVSSIHSARLAGHEITSSQLSLEAGEALVLKAQPI,17
6LCEA,predicted,MTTPGCPEDGVINGKEITMFTCRPFAWLARALIEAIASNTKCRVVPVIVPPWKXLGWIGGHLENNTLPDIVCGHIWEWAKLVANGLLVDVYWIVQGCSHWEWLCWGSIEAGVVNGKCLCKPIIYCVVCXICDSEAAKEAGLDPDTGPKSLEEMVELARRTYNANKPGWCGTWVNGLCGGWWIWQTLAMRLADGLKLXGPNGTKSCWNTEAXRGLIKTWYKCMKTKNGVGPGCETSPGKHCWEPIRDGKCGGXPMSVFLMLEARERVKSGGWKIGVAPTWGVKPGKSSFIFGGYAXGVCSSSTHWNIAMAIVIFLXSWEDAIKCCWSSGLPPANWKALNTACKDAPPWVVTILQVIVEGVGYCPVSPFFPEATREKGSPWARFILDMTHGEGDIEECYQEVAEVANSE,17
6LCEA,original,ATAEGIPAKGTDDGTEITLWTRSPLERQAKNVVEAYNKSHKNQVKLEIIPNDDXEGKVGGASQTDSLPDILAGDVVRIPYWASEGIFTDITKQIDGLDNKADLQQGHIEAGTVDGAEYTLPFITDVSVXVWNKNLYKEAGLDPEQGPKSIDQFVEQAKKVAALNKDGVAGSYLAGQSGGALVFDLFPSVWADGESVXNKDGSEATLDNDSXKGVLDAYKELANTTNGLGAGSKEETGATWTAPFANGKIGVXPYPNTSTTALFDAEKDGGFEVGVAPIPGTKEGKTSTFLGGDAXGISKDSKHVAQAWNFLYWLXQSDAQKEVFADQGDTASNIQTLKTAYKDADPRIQTINSVIIDGNGQTPKSPAFNEAFNAAGSPWQLLVQNAVWGSGDLKADNKAVTDVLSAQ,17
6LAEA,predicted,MKHTCPHCGKKFTESKWCEVLDVPVHPECIDTDDELKTVPWEEFIEEFHMTEEDWWKTEPPLEWKEAKRPNQPSKGPWKWPHYKQANIVFREIFGSEESIKKNLEEYEDHKKKKHK,17
6LAEA,original,DYVICEECGKEFMDSYLMNHFDLPTCDNCRDADDKHKLITKTEAKQEYLLKDCDLEKREPPLKFIVKKNPHHSQWGDMKLYLKLQIVKRSLEVWGSQEALEEAKEVRQENREKMKQ,17
6L8XA,predicted,MTWVWVCPYPTKGQWWPLALLARILTSHGFIVTLLCTPWVLDHVDPTGPTPHAIKVIVVTDGDCRPTEDSTLEECQEIIREHMIEALREFMKELMTSSNPPQYVFCDANHPWLIEVCKKLGIPCAPVDTWPSMLIIIWDFLYNGKMTWEPPTPTVKLPHCPPLTPEELPHFTWNPELWEAWMTLICSAFKHMEHLDYILLNTWWVIFGELVEWMQSLGYEVVFVGPCVPPAFTCNTIENDTDPGLSPVVLPTSKVWEYLKKLPKGKVLIVNFGSEVKPGPEEARCKWEGIWATGWPCFWYFDEEVLKYWHPDLREAFKEKGIVTKHYNLLRWLSNPWIGAFWTDCGRILFLICLLFGIPLVCHPVYSWAEVVAHIMYYILKTGHIVKTTDNNTCSWEQAYEAIRRILEGPHAEEAREEAKEMADQTCDCFSEGGRCYKAIEEWVKRAANN,17
6L8XA,original,DTHILVFPFPSQGAINPLLQLSKRLIAKGIKVSLVTTLHVSNHLQLQGAYSNSVKIEVISDGSEDRLETDTMRQTLDRFRQKMTKNLEDFLQKAMVSSNPPKFILYASTMPWVLEVAKEFGLDRAPFYTQSCALNSINYHVLHGQLKLPPETPTISLPSMPLLRPSDLPAYDFDPASTDTIIDLLTSQYSNIQDANLLFCNTFDKLEGEIIQWMETLGRPVKTVGPTVPSAYLDKRVENDKHYGLSLFKPNEDVCLKWLDSKPSGSVLYVSYGSLVEMGEEQLKELALGIKETGKFFLWVVRDTEAEKLPPNFVESVAEKGLVVSWCSQLEVLAHPSVGCFFTHCGWNSTLEALCLGVPVVAFPQWADQVTNAKFLEDVWKVGKRVKRNEQRLASKEEVRSCIWEVMEGERASEFKSNSMEWKKWAKEAVDEGGSSDKNIEEFVAMLKQT,17
6L7RB,predicted,MSPEEEEKMEELRERWIEIMMEILKLLNTNIDEETFQCLLKLVRLGFDPLAMARCIKRLKKLGNNPEEMEEMLEEYKNE,17
6L7RB,original,MPPSERAEKQAAAQQAVDILHEIATILNCHLDRRTLSICISMIENGVNPEALANVIKELRVLGQDPQQLDALVANYLAS,17
6L25A,predicted,XFCIPCTNWAHPECKHNFEETIEEAIENGVKWXIVVGNNEEEYEAYXKAVEKHPNTYGCIGFHPENASNVTEEQLEKTRELSKDPNICGIGPXHLDMKDTKCPPEEAQKNYRAMIEFCKELNMPVIIWVKNHWEEFIEILKEHNLAEVGGIXINYWGSPETLERILNKLKCFICLGGPCCCKCFPDPLAMARMLDXPHFFTATNCPKNAPSPNRGKTCNPAWVQKVIDTIAKINGMSREEMIERCTKTFNEICHW,17
6L25A,original,XLIDTHVHLNDEQYDDDLSEVITRAREAGVDRXFVVGFNKSTIERAXKLIDEYDFLYGIIGWHPVDAIDFTEEHLEWIESLAQHPKVIGIGEXGLDYHWDKSPADVQKEVFRKQIALAKRLKLPIIIHNREATQDCIDILLEEHAEEVGGIXHSFSGSPEIADIVTNKLNFYISLGGPVTFKNAKQPKEVAKHVSXERLLVETDAPYLSPHPYRGKRNEPARVTLVAEQIAELKGLSYEEVCEQTTKNAEKLFNL,17
6KYTC,predicted,ETKLTCTITEEDWRLLMMWACRSGCPSLDEGMFRLMWLFLYPFLAHAMYELLQFALKNGFWEFLMWLAGAGYG,17
6KYTC,original,PVKLSVSLSDDDVAILDAYVKRAGLPSRSAGLQHAIRVLRYPTLEDDYANAWQEWSAAGDTDAWEQTVGDGVG,17
6KWAA,predicted,MLPTVDTNDKDPEEYAQRIFEFMRETGAFWTTNCGVSEEELEALLELARRLLQLPPDELEQCKPVDKGDGPRKPNWYYPFFAALGVWNCRDPEEIRKYAKALNLTEEQMQLLLQWCQQMAGLAMELYRRRLLAFGLKNWNWCSNTPTTHHIYLFNVTPEDVGTTGVWWHTDDGRLVVRLCNPDWGGWAMWDPFSGKWVPIKPTENKYLYFVGEANRRRNCGKVDCYRWATRCVEPTTCYSLTVFLNGPPDDVPTPPEWYINLDHPHL,17
6KWAA,original,MIPTIDLEEVSDKILNQKIREASERWGCFRVINHGVSLSLMAEMKKTVIDLFQRPYEVKVRNTDVLLGSGYRAPNEINPYYEALGLYDMASPHAVNTFCDQLEASADQREIMVKYAKAINGLATDLARKLAESYGLVETDFFKEWPSQFRINKYHFKPETVGKLGVQLHTDSGFLTILQDDENVGGLEAMDNSSGTFFPIDPLPNTLAINLGDMATIWSNGRLCNVKHRVQCKEATMRYSIASFLLGPMDTDLEPPSEFVDAEHPRL,17
